{"elementor_pro_theme_builder_conditions":{"single":{"9250":["include\/singular\/in_category\/29"],"8993":["include\/singular\/in_category\/28"],"8623":["include\/singular\/not_found404"],"7647":["include\/singular\/post","exclude\/singular\/in_category\/28","exclude\/singular\/in_category\/29"],"6473":["include\/singular\/any_child_of\/268"],"4359":["include\/singular\/child_of\/266"],"3947":["include\/singular\/child_of\/248"],"3752":["include\/singular\/page","exclude\/singular\/page\/2190","exclude\/singular\/page\/17"]},"archive":{"8601":["include\/archive\/search"],"8066":["include\/archive","exclude\/archive\/search"]},"header":{"3837":["include\/general","exclude\/singular\/page\/2190","exclude\/singular\/page\/17"],"3134":["include\/singular\/page\/2190"],"139":["include\/singular\/page\/17"]},"footer":{"3425":["include\/singular\/page\/2190"],"2094":["include\/general"]}},"elementor_allow_svg":false,"elementor_cpt_support":["post","page"],"elementor_active_kit":"5","elementor_scheme_color":false,"elementor_scheme_color-picker":false,"elementor_scheme_typography":false,"elementor_viewport_lg":false,"elementor_viewport_md":false,"elementor_disable_color_schemes":"","elementor_disable_typography_schemes":""}