{"elementor_pro_theme_builder_conditions":{"archive":{"9583":["include\/archive\/category\/14"],"9551":["include\/archive\/search"],"7962":["include\/archive","exclude\/archive\/search","exclude\/archive\/category\/14"]},"single":{"9571":["include\/singular\/not_found404"],"9281":["include\/singular\/child_of\/27"],"8543":["include\/singular\/child_of\/1071"],"7763":["include\/singular\/post","exclude\/singular\/in_category\/14"],"7680":["include\/singular\/page\/856"],"7668":["include\/singular\/child_of\/35"],"7058":["include\/singular\/page\/49","include\/singular\/page\/3488","include\/singular\/child_of\/35","include\/singular\/page\/1090","include\/singular\/page\/1092","include\/singular\/page\/3100"],"4806":["include\/singular\/in_category\/14"],"4520":["include\/singular\/page\/1069","include\/singular\/page\/52"],"3980":["include\/singular\/child_of\/25"],"3118":["include\/singular\/page","exclude\/singular\/page\/20","exclude\/singular\/page\/22","exclude\/singular\/page\/856","exclude\/singular\/page\/1090","exclude\/singular\/page\/1092","exclude\/singular\/page\/3100"]},"footer":{"3007":["include\/general","exclude\/singular\/page\/22"],"998":["include\/singular\/page\/22"]},"header":{"1619":["include\/general","exclude\/singular\/page\/22"],"187":["include\/singular\/page\/22"]}},"elementor_allow_svg":false,"elementor_cpt_support":["post","page"],"elementor_active_kit":"4","elementor_scheme_color":false,"elementor_scheme_color-picker":false,"elementor_scheme_typography":false,"elementor_viewport_lg":false,"elementor_viewport_md":false,"elementor_disable_color_schemes":"","elementor_disable_typography_schemes":""}