{"woosw_auto_remove":"yes","woosw_button_action":"no","woosw_button_action_added":"page","woosw_button_class":"","woosw_button_position_archive":"0","woosw_button_position_single":"0","woosw_button_text":"","woosw_button_text_added":"","woosw_button_type":"button","woosw_cats":["0"],"woosw_color":"#5fbd74","woosw_continue_url":"","woosw_disable_unauthenticated":"no","woosw_empty_button":"yes","woosw_enable_multiple":"no","woosw_link":"yes","woosw_localization":{"button":" ","button_added":" ","popup_heading":"","empty_button":"","add_note":"","save_note":"","open_page":"","continue":"","menu_label":"","primary_name":"","manage_wishlists":"","set_default":"","is_default":"","delete":"","placeholder_name":"","add_wishlist":"","added_message":"","already_message":"","removed_message":"","empty_confirm":"","empty_notice":"","empty_message":"","delete_confirm":"","not_exist_message":"","login_message":"","copied":"","error_message":""},"woosw_maximum_wishlists":"5","woosw_menu_action":"open_page","woosw_menus":"","woosw_page_copy":"no","woosw_page_icon":"no","woosw_page_id":"3762","woosw_page_items":["facebook","twitter","pinterest","mail"],"woosw_page_share":"no","woosw_perfect_scrollbar":"yes","woosw_show_note":"no"}