{"widget_dgwt_wcas_ajax_search":{"_multiwidget":1},"dgwt_wcas_activation_date":"1702728265","dgwt_wcas_settings":{"search_in_product_global_unique_id":"off","embedding_search_form_head":"","how_to_use":"","form_head":"","search_submit_text":"Search","layout_head":"","search_form":"","preloader_head":"","autocomplete_head":"","product_suggestion_head":"","non_products_in_autocomplete_head":"","details_box_head":"","suggestions_style_head":"","search_search_head":"","search_scope_fuzziness_head":"","search_synonyms_head":"","filter_products_head":"","filter_products_rules":"[]","pro_features":"","search_engine_head":"","search_engine_build":"","indexer_schedule_head":"","troubleshooting_head":"","analytics_head":"","min_chars":3,"max_form_width":600,"show_submit_button":"off","bg_submit_color":"","text_submit_color":"","search_placeholder":"Search here...","search_style":"pirx","search_layout":"classic","mobile_breakpoint":992,"search_icon_color":"","enable_mobile_overlay":"on","mobile_overlay_breakpoint":1024,"darken_background":"off","bg_input_underlay_color":"","bg_input_color":"#ffffff","text_input_color":"#0a0a0a","border_input_color":"#e8e8e8","show_preloader":"on","preloader_url":"","suggestions_limit":5,"show_grouped_results":"on","search_no_results_text":"No results","show_product_image":"on","show_product_price":"off","show_product_desc":"off","show_product_sku":"off","search_see_all_results_text":"See all products...","show_product_tax_product_cat":"on","show_product_tax_product_cat_images":"off","show_product_tax_product_tag":"off","show_matching_posts":"off","show_matching_pages":"off","show_details_box":"off","show_user_history":"off","sug_bg_color":"","sug_hover_color":"","sug_text_color":"","sug_highlight_color":"","sug_border_color":"","search_in_product_content":"on","search_in_product_excerpt":"on","search_in_product_sku":"on","search_in_product_attributes":"off","search_in_product_tax_product_cat":"off","search_in_product_tax_product_tag":"off","search_in_custom_fields":"","exclude_out_of_stock":"off","fuzziness_enabled_demo":"off","search_synonyms":"","filter_products_mode":"exclude","analytics_enabled":"off","analytics_critical_searches_widget_enabled":"off","indexer_schedule":"off","indexer_schedule_interval":"weekly","indexer_schedule_start_time":"3"},"dgwt_wcas_settings_version":"2","dgwt_wcas_version":"1.30.0","dgwt_wcas_settings_show_advanced":"on","dgwt_wcas_dismiss_review_notice":"1","dgwt_wcas_images_regenerated":false}