{"elementor_pro_theme_builder_conditions":{"archive":{"13900":["include\/product_archive\/product_cat\/235"],"13874":["include\/product_archive\/product_cat\/236"],"11953":["include\/product_archive\/product_search"],"9861":["include\/archive"],"5044":["include\/product_archive"]},"single":{"13806":["include\/product\/in_product_cat\/235","include\/product\/in_product_cat_children\/235","include\/product\/in_product_cat\/237","include\/product\/in_product_cat\/236","exclude\/product\/in_product_tag\/201"],"11763":["include\/singular\/any_child_of\/5"],"11660":["include\/singular\/not_found404"],"10178":["include\/product\/in_product_tag\/201"],"9904":["include\/singular\/post"],"9642":["include\/product\/in_product_cat\/94","include\/product\/in_product_cat\/112"],"9525":["include\/product\/in_product_cat\/30","exclude\/product\/in_product_cat\/52","include\/product\/in_product_cat\/105","exclude\/product\/in_product_cat\/109","exclude\/product\/in_product_cat\/94","exclude\/product\/in_product_cat\/112"],"5977":["exclude\/singular\/front_page","include\/singular\/page","exclude\/singular\/page\/1336","exclude\/singular\/page\/1338","exclude\/singular\/page\/8","exclude\/singular\/page\/6","exclude\/singular\/page\/7","exclude\/singular\/page\/2690","exclude\/singular\/any_child_of\/5","exclude\/singular\/page\/12444","exclude\/singular\/page\/13838","exclude\/singular\/page\/14781"],"4074":["include\/singular\/page\/92","include\/singular\/page\/4565","include\/singular\/page\/4083","include\/singular\/page\/5856","include\/singular\/page\/5852"],"795":["include\/product","exclude\/product\/in_product_cat\/235","exclude\/product\/in_product_cat_children\/235"]},"popup":{"13324":["include\/singular\/page\/12444","include\/woocommerce\/product_cat\/235","include\/woocommerce\/product_cat\/237","include\/woocommerce\/product_cat\/236"],"13325":["include\/singular\/page\/12444","include\/woocommerce\/product_cat\/235","include\/woocommerce\/product_cat\/237","include\/woocommerce\/product_cat\/236"],"13309":["include\/singular\/page\/12444","include\/woocommerce\/product_cat\/235","include\/woocommerce\/product_cat\/237","include\/woocommerce\/product_cat\/236"],"13302":["include\/singular\/page\/12444","include\/woocommerce\/product_cat\/235","include\/woocommerce\/product_cat\/237","include\/woocommerce\/product_cat\/236"],"13269":["include\/singular\/page\/12444","include\/woocommerce\/product_cat\/235","include\/woocommerce\/product_cat\/237","include\/woocommerce\/product_cat\/236"],"13228":["include\/singular\/page\/12444"],"10064":["include\/general","exclude\/singular\/page\/1336"],"7009":["include\/singular\/page\/1338"],"5865":["include\/singular\/page\/1338"],"5578":["include\/general"],"5370":["include\/singular\/page\/1336"],"5287":["include\/singular\/page\/1336"],"4910":["include\/singular\/page\/1336"],"3785":["include\/singular\/page\/1336"],"3723":["include\/singular\/page\/1336"],"3611":["include\/singular\/page\/1336"],"3141":["include\/singular\/page\/23"],"1946":["include\/general","exclude\/singular\/page\/1336","exclude\/singular\/page\/1338"],"1669":["include\/general","exclude\/singular\/page\/1336","exclude\/singular\/page\/1338"],"1556":["include\/general","exclude\/singular\/page\/1338","exclude\/singular\/page\/1336"]},"footer":{"13214":["include\/singular\/page\/12444"],"2383":["include\/singular\/page\/1338"],"2385":["include\/singular\/page\/1336"],"702":["include\/general","exclude\/singular\/page\/1336","exclude\/singular\/page\/1338","exclude\/singular\/page\/12444"]},"header":{"12447":["include\/singular\/page\/12444","include\/woocommerce\/product_cat\/235","include\/woocommerce\/product_cat\/237","include\/woocommerce\/product_cat\/236"],"5830":["include\/singular\/page\/1338"],"2971":["include\/singular\/page\/1336"],"150":["include\/general","exclude\/singular\/page\/1336","exclude\/singular\/page\/1338","exclude\/woocommerce\/product_cat\/235","exclude\/woocommerce\/product_cat\/237","exclude\/woocommerce\/product_cat\/236"]}},"elementor_allow_svg":false,"elementor_cpt_support":["post","page"],"elementor_active_kit":"11","elementor_scheme_color":false,"elementor_scheme_color-picker":false,"elementor_scheme_typography":false,"elementor_viewport_lg":false,"elementor_viewport_md":false,"elementor_disable_color_schemes":"","elementor_disable_typography_schemes":""}