{"sb_instagram_settings":{"sb_instagram_at":"","sb_instagram_user_id":"","sb_instagram_preserve_settings":true,"sb_instagram_ajax_theme":"1","sb_instagram_disable_resize":false,"image_format":"webp","sb_instagram_cache_time":1,"sb_instagram_cache_time_unit":"hours","sbi_caching_type":"background","sbi_cache_cron_interval":"12hours","sbi_cache_cron_time":"1","sbi_cache_cron_am_pm":"am","sb_instagram_width":"100","sb_instagram_width_unit":"%","sb_instagram_feed_width_resp":false,"sb_instagram_height":"","sb_instagram_num":"20","sb_instagram_height_unit":"","sb_instagram_cols":"4","sb_instagram_disable_mobile":false,"sb_instagram_image_padding":"5","sb_instagram_image_padding_unit":"px","sb_instagram_sort":"none","sb_instagram_background":"","sb_instagram_show_btn":true,"sb_instagram_btn_background":"","sb_instagram_btn_text_color":"","sb_instagram_btn_text":"Load More...","sb_instagram_image_res":"auto","sb_instagram_lightbox_comments":true,"sb_instagram_num_comments":20,"sb_instagram_show_bio":true,"sb_instagram_show_followers":true,"sb_instagram_show_header":true,"sb_instagram_header_size":"small","sb_instagram_header_color":"","sb_instagram_stories":true,"sb_instagram_stories_time":5000,"sb_instagram_show_follow_btn":true,"sb_instagram_folow_btn_background":"","sb_instagram_follow_btn_text_color":"","sb_instagram_follow_btn_text":"Follow on Instagram","sb_instagram_custom_css":"","sb_instagram_custom_js":"","sb_instagram_cron":"no","sb_instagram_backup":true,"sb_ajax_initial":false,"enqueue_css_in_shortcode":false,"enqueue_js_in_head":false,"disable_js_image_loading":false,"disable_admin_notice":false,"enable_email_report":true,"email_notification":"monday","email_notification_addresses":"office@vamtam.com","sb_instagram_disable_mob_swipe":false,"sb_instagram_disable_awesome":false,"sb_instagram_disable_font":false,"gdpr":"auto","enqueue_legacy_css":false,"connected_accounts":[]}}