{"br_custom_table_hierarhical_product_cat":"5ea2f78a37d96510100815a1b18270e01709273002","br_filters_options":{"plugin_key":"","pos_relative":"","products_holder_id":"ul.products, .elementor-widget.woocommerce .elementor-loop-container","woocommerce_result_count_class":".woocommerce-result-count","woocommerce_ordering_class":"form.woocommerce-ordering","woocommerce_pagination_class":".woocommerce-pagination,.e-loop__load-more","woocommerce_removes":{"result_count":"","ordering":"","pagination":"","pagination_ajax":""},"attribute_count":"","control_sorting":"1","seo_friendly_urls":"1","seo_uri_decode":"","recount_hide":"removeFirst_recount","slug_urls":"","seo_meta_title":"","seo_element_title":"","seo_element_header":"","seo_element_description":"","seo_meta_title_visual":"BeRocket_AAPF_wcseo_title_visual1","filters_turn_off":"","hide_value":{"o":"1","sel":"","empty":"1","button":""},"use_select2":"","fixed_select2":"","scroll_shop_top":"2","scroll_shop_top_px":"-180","selected_area_show":"","selected_filters_template":"sfa_default","selected_area_hide_empty":"1","products_only":"","out_of_stock_variable":"0","out_of_stock_variable_reload":"1","page_same_as_filter":"","styles_in_footer":"","mysql_derived_merge":"1","styles_input":{"checkbox":{"bcolor":"","bwidth":"","bradius":"","fcolor":"","backcolor":"","icon":"","fontsize":"","theme":""},"radio":{"bcolor":"","bwidth":"","bradius":"","fcolor":"","backcolor":"","icon":"","fontsize":"","theme":""},"slider":{"line_color":"","line_height":"","line_border_color":"","line_border_width":"","button_size":"","button_color":"","button_border_color":"","button_border_width":"","button_border_radius":""},"pc_ub":{"back_color":"","border_color":"","font_size":"","font_color":"","show_font_size":"","close_size":"","show_font_color":"","show_font_color_hover":"","close_font_color":"","close_font_color_hover":""},"product_count":"round","product_count_position":"","product_count_position_image":"","onlyTitle_title":{"bcolor":"","bwidth":"","bradius":"","fontsize":"","fcolor":"","backcolor":""},"onlyTitle_titleopened":{"bcolor":"","bwidth":"","bradius":"","fontsize":"","fcolor":"","backcolor":""},"onlyTitle_filter":{"bcolor":"","bwidth":"","bradius":"","fontsize":"","fcolor":"","backcolor":""}},"child_pre_indent":"","ajax_load_icon":"","ajax_load_text":{"top":"","bottom":"","left":"","right":""},"description":{"show":"click","hide":""},"javascript":{"berocket_ajax_filtering_start":"","berocket_ajax_filtering_on_update":"","berocket_ajax_products_loaded":""},"custom_css":"","user_custom_css":"","br_opened_tab":"","tags_custom":"","ajax_site":"","search_fix":"1","use_tax_for_price":"","disable_font_awesome":"","debug_mode":"","fontawesome_frontend_disable":"","fontawesome_frontend_version":"","addons":["/additional_tables/additional_tables.php"],"products_only_shortcode":"","products_only_shortcode_per_page":"9","products_only_shortcode_pagiantion":"1","elements_position_hook":"woocommerce_archive_description","disable_ajax_loading":"1","framework_products_per_page":"","reload_changed_filters":"1","purge_cache_time":"1709273002","tippy_description_theme":"light","tippy_description_fontsize":"","tippy_color_img_theme":"light","tippy_color_img_fontsize":""},"br_filters_version":"1.6.9.1","braapf_new_filters_converted":"1","braapf_sliders":{"pa_brand":{"get_terms_args":{"taxonomy":"pa_brand","hide_empty":true,"hierarchical":false,"orderby":"name","order":"ASC"},"get_terms_advanced":{"operator":"OR","force_query":false}},"product_cat":{"get_terms_args":{"taxonomy":"product_cat","hide_empty":true,"hierarchical":true,"orderby":"name","order":"ASC"},"get_terms_advanced":{"operator":"OR","force_query":false}},"pa_size":{"get_terms_args":{"taxonomy":"pa_size","hide_empty":true,"hierarchical":false,"order":"ASC"},"get_terms_advanced":{"operator":"OR","force_query":false}},"pa_color":{"get_terms_args":{"taxonomy":"pa_color","hide_empty":true,"hierarchical":false,"order":"ASC"},"get_terms_advanced":{"operator":"OR","force_query":false}}},"BeRocket_aapf_additional_tables_addon_position":"ended","BeRocket_aapf_additional_tables_addon_position_data":{"status":0,"run":false},"berocket_aapf_filters_setup_wizard_list":{"single_filter":3},"BeRocket_AAPF_getall_Template_Styles":{"button_default":{"slug":"button_default","template":"button","name":"Default","file":"/var/www/innovecouture.vamtam.com/htdocs/wp-content/plugins/woocommerce-ajax-filters/template_styles/buttons.php","style_file":"","script_file":"","image":"https://innovecouture.vamtam.com/wp-content/plugins/woocommerce-ajax-filters/template_styles/images/button_default.png","version":"1.0","specific":"elements","sort_pos":"1"},"button_berocket":{"slug":"button_berocket","template":"button","name":"BeRocket","file":"/var/www/innovecouture.vamtam.com/htdocs/wp-content/plugins/woocommerce-ajax-filters/template_styles/buttons.php","style_file":"css/button.css","script_file":"","image":"https://innovecouture.vamtam.com/wp-content/plugins/woocommerce-ajax-filters/template_styles/images/button_berocket.png","version":"1.0","specific":"elements","sort_pos":"900"},"checkbox":{"slug":"checkbox","template":"checkbox","name":"Checkbox","file":"/var/www/innovecouture.vamtam.com/htdocs/wp-content/plugins/woocommerce-ajax-filters/template_styles/checkbox.php","style_file":"","script_file":"","image":"https://innovecouture.vamtam.com/wp-content/plugins/woocommerce-ajax-filters/template_styles/images/checkbox.png","version":"1.0","specific":"","sort_pos":"1","name_price":"Price Ranges","image_price":"https://innovecouture.vamtam.com/wp-content/plugins/woocommerce-ajax-filters/template_styles/paid/images/checkbox-price.png"},"checkbox_hide":{"slug":"checkbox_hide","template":"checkbox","name":"Checkbox Hide","file":"/var/www/innovecouture.vamtam.com/htdocs/wp-content/plugins/woocommerce-ajax-filters/template_styles/checkbox.php","style_file":"","script_file":"","image":"https://innovecouture.vamtam.com/wp-content/plugins/woocommerce-ajax-filters/template_styles/images/checkbox-hide.png","version":"1.0","specific":"","sort_pos":"1900","name_price":"Price Ranges Hide","image_price":"https://innovecouture.vamtam.com/wp-content/plugins/woocommerce-ajax-filters/template_styles/paid/images/checkbox-hide-price.png"},"color":{"slug":"color","template":"checkbox","name":"Color","file":"/var/www/innovecouture.vamtam.com/htdocs/wp-content/plugins/woocommerce-ajax-filters/template_styles/color.php","style_file":"/css/color.css","script_file":"","image":"https://innovecouture.vamtam.com/wp-content/plugins/woocommerce-ajax-filters/template_styles/images/color.png","version":"1.0","specific":"color","sort_pos":"1"},"color_woborder":{"slug":"color_woborder","template":"checkbox","name":"Color without border","file":"/var/www/innovecouture.vamtam.com/htdocs/wp-content/plugins/woocommerce-ajax-filters/template_styles/color.php","style_file":"/css/color.css","script_file":"","image":"https://innovecouture.vamtam.com/wp-content/plugins/woocommerce-ajax-filters/template_styles/images/color_woborder.png","version":"1.0","specific":"color","sort_pos":"900"},"image":{"slug":"image","template":"checkbox","name":"Image","file":"/var/www/innovecouture.vamtam.com/htdocs/wp-content/plugins/woocommerce-ajax-filters/template_styles/color.php","style_file":"/css/color.css","script_file":"","image":"https://innovecouture.vamtam.com/wp-content/plugins/woocommerce-ajax-filters/template_styles/images/image.png","version":"1.0","specific":"image","sort_pos":"1"},"image_woborder":{"slug":"image_woborder","template":"checkbox","name":"Image without border","file":"/var/www/innovecouture.vamtam.com/htdocs/wp-content/plugins/woocommerce-ajax-filters/template_styles/color.php","style_file":"/css/color.css","script_file":"","image":"https://innovecouture.vamtam.com/wp-content/plugins/woocommerce-ajax-filters/template_styles/images/image_woborder.png","version":"1.0","specific":"image","sort_pos":"900"},"new_slider":{"slug":"new_slider","template":"new_slider","name":"New Slider","file":"/var/www/innovecouture.vamtam.com/htdocs/wp-content/plugins/woocommerce-ajax-filters/template_styles/new-slider.php","style_file":"/css/ion.rangeSlider.min.css","script_file":"/js/ion.rangeSlider.min.js","image":"https://innovecouture.vamtam.com/wp-content/plugins/woocommerce-ajax-filters/template_styles/images/new-slider.png","version":"1.0","specific":"","sort_pos":"1"},"new_slider_big":{"slug":"new_slider_big","template":"new_slider","name":"New Slider Big","file":"/var/www/innovecouture.vamtam.com/htdocs/wp-content/plugins/woocommerce-ajax-filters/template_styles/new-slider.php","style_file":"/css/ion.rangeSlider.min.css","script_file":"/js/ion.rangeSlider.min.js","image":"https://innovecouture.vamtam.com/wp-content/plugins/woocommerce-ajax-filters/template_styles/images/new-slider-big.png","version":"1.0","specific":"","sort_pos":"900"},"new_slider_modern":{"slug":"new_slider_modern","template":"new_slider","name":"New Slider Modern","file":"/var/www/innovecouture.vamtam.com/htdocs/wp-content/plugins/woocommerce-ajax-filters/template_styles/new-slider.php","style_file":"/css/ion.rangeSlider.min.css","script_file":"/js/ion.rangeSlider.min.js","image":"https://innovecouture.vamtam.com/wp-content/plugins/woocommerce-ajax-filters/template_styles/images/new-slider-modern.png","version":"1.0","specific":"","sort_pos":"900"},"new_slider_sharp":{"slug":"new_slider_sharp","template":"new_slider","name":"New Slider Sharp","file":"/var/www/innovecouture.vamtam.com/htdocs/wp-content/plugins/woocommerce-ajax-filters/template_styles/new-slider.php","style_file":"/css/ion.rangeSlider.min.css","script_file":"/js/ion.rangeSlider.min.js","image":"https://innovecouture.vamtam.com/wp-content/plugins/woocommerce-ajax-filters/template_styles/images/new-slider-sharp.png","version":"1.0","specific":"","sort_pos":"900"},"new_slider_round":{"slug":"new_slider_round","template":"new_slider","name":"New Slider Round","file":"/var/www/innovecouture.vamtam.com/htdocs/wp-content/plugins/woocommerce-ajax-filters/template_styles/new-slider.php","style_file":"/css/ion.rangeSlider.min.css","script_file":"/js/ion.rangeSlider.min.js","image":"https://innovecouture.vamtam.com/wp-content/plugins/woocommerce-ajax-filters/template_styles/images/new-slider-round.png","version":"1.0","specific":"","sort_pos":"900"},"new_slider_square":{"slug":"new_slider_square","template":"new_slider","name":"New Slider Square","file":"/var/www/innovecouture.vamtam.com/htdocs/wp-content/plugins/woocommerce-ajax-filters/template_styles/new-slider.php","style_file":"/css/ion.rangeSlider.min.css","script_file":"/js/ion.rangeSlider.min.js","image":"https://innovecouture.vamtam.com/wp-content/plugins/woocommerce-ajax-filters/template_styles/images/new-slider-square.png","version":"1.0","specific":"","sort_pos":"900"},"radio-check":{"slug":"radio-check","template":"checkbox","name":"Radio Check","file":"/var/www/innovecouture.vamtam.com/htdocs/wp-content/plugins/woocommerce-ajax-filters/template_styles/radio-check.php","style_file":"css/radio-check.css","script_file":"","image":"https://innovecouture.vamtam.com/wp-content/plugins/woocommerce-ajax-filters/template_styles/images/radio-check.png","version":"1.0","specific":"","sort_pos":"900","image_price":"https://innovecouture.vamtam.com/wp-content/plugins/woocommerce-ajax-filters/template_styles/paid/images/radio-check-price.png"},"radio":{"slug":"radio","template":"checkbox","name":"Radio","file":"/var/www/innovecouture.vamtam.com/htdocs/wp-content/plugins/woocommerce-ajax-filters/template_styles/radio.php","style_file":"css/radio.css","script_file":"js/radio.js","image":"https://innovecouture.vamtam.com/wp-content/plugins/woocommerce-ajax-filters/template_styles/images/radio.png","version":"1.0","specific":"","sort_pos":"900","image_price":"https://innovecouture.vamtam.com/wp-content/plugins/woocommerce-ajax-filters/template_styles/paid/images/radio-price.png"},"select":{"slug":"select","template":"select","name":"Select","file":"/var/www/innovecouture.vamtam.com/htdocs/wp-content/plugins/woocommerce-ajax-filters/template_styles/select.php","style_file":"css/select.css","script_file":"js/select.js","image":"https://innovecouture.vamtam.com/wp-content/plugins/woocommerce-ajax-filters/template_styles/images/select.png","version":"1.0","specific":"","sort_pos":"1","name_price":"Price Ranges Select","image_price":"https://innovecouture.vamtam.com/wp-content/plugins/woocommerce-ajax-filters/template_styles/paid/images/select-price.png"},"select2":{"slug":"select2","template":"select","name":"Select2","file":"/var/www/innovecouture.vamtam.com/htdocs/wp-content/plugins/woocommerce-ajax-filters/template_styles/select.php","style_file":"css/select.css","script_file":"js/select.js","image":"https://innovecouture.vamtam.com/wp-content/plugins/woocommerce-ajax-filters/template_styles/images/select2.png","version":"1.0","specific":"","sort_pos":"900","name_price":"Price Ranges Select2","image_price":"https://innovecouture.vamtam.com/wp-content/plugins/woocommerce-ajax-filters/template_styles/paid/images/select2-price.png"},"select2classic":{"slug":"select2classic","template":"select","name":"Select2 Classic","file":"/var/www/innovecouture.vamtam.com/htdocs/wp-content/plugins/woocommerce-ajax-filters/template_styles/select.php","style_file":"css/select.css","script_file":"js/select.js","image":"https://innovecouture.vamtam.com/wp-content/plugins/woocommerce-ajax-filters/template_styles/images/select2classic.png","version":"1.0","specific":"","sort_pos":"900","name_price":"Price Ranges Select2 Classic","image_price":"https://innovecouture.vamtam.com/wp-content/plugins/woocommerce-ajax-filters/template_styles/paid/images/select2classic-price.png"},"sfa_default":{"slug":"sfa_default","template":"selected_filters","name":"Selected Filters Area","file":"/var/www/innovecouture.vamtam.com/htdocs/wp-content/plugins/woocommerce-ajax-filters/template_styles/selected_filters_area.php","style_file":"","script_file":"","image":"https://innovecouture.vamtam.com/wp-content/plugins/woocommerce-ajax-filters/template_styles/images/selected_filters_area.png","version":"1.0","specific":"elements","sort_pos":"1"},"sfa_inline":{"slug":"sfa_inline","template":"selected_filters","name":"Selected Filters Area Inline","file":"/var/www/innovecouture.vamtam.com/htdocs/wp-content/plugins/woocommerce-ajax-filters/template_styles/selected_filters_area.php","style_file":"css/selected_filters_area.css","script_file":"","image":"https://innovecouture.vamtam.com/wp-content/plugins/woocommerce-ajax-filters/template_styles/images/selected_filters_area-inline.png","version":"1.0","specific":"elements","sort_pos":"1"},"slider":{"slug":"slider","template":"slider","name":"Slider","file":"/var/www/innovecouture.vamtam.com/htdocs/wp-content/plugins/woocommerce-ajax-filters/template_styles/slider.php","style_file":"","script_file":"/js/slider.js","image":"https://innovecouture.vamtam.com/wp-content/plugins/woocommerce-ajax-filters/template_styles/images/slider.png","version":"1.0","specific":"","sort_pos":"1"},"slider_after":{"slug":"slider_after","template":"slider","name":"Slider After","file":"/var/www/innovecouture.vamtam.com/htdocs/wp-content/plugins/woocommerce-ajax-filters/template_styles/slider.php","style_file":"","script_file":"/js/slider.js","image":"https://innovecouture.vamtam.com/wp-content/plugins/woocommerce-ajax-filters/template_styles/images/slider-after.png","version":"1.0","specific":"","sort_pos":"900"},"square-check":{"slug":"square-check","template":"checkbox","name":"Square Check","file":"/var/www/innovecouture.vamtam.com/htdocs/wp-content/plugins/woocommerce-ajax-filters/template_styles/square-check.php","style_file":"css/square-check.css","script_file":"","image":"https://innovecouture.vamtam.com/wp-content/plugins/woocommerce-ajax-filters/template_styles/images/square-check.png","version":"1.0","specific":"","sort_pos":"900","name_price":"Price Ranges Square Check","image_price":"https://innovecouture.vamtam.com/wp-content/plugins/woocommerce-ajax-filters/template_styles/paid/images/square-check-price.png"},"square":{"slug":"square","template":"checkbox","name":"Square","file":"/var/www/innovecouture.vamtam.com/htdocs/wp-content/plugins/woocommerce-ajax-filters/template_styles/square.php","style_file":"css/square.css","script_file":"","image":"https://innovecouture.vamtam.com/wp-content/plugins/woocommerce-ajax-filters/template_styles/images/square.png","version":"1.0","specific":"","sort_pos":"900","name_price":"Price Ranges Square","image_price":"https://innovecouture.vamtam.com/wp-content/plugins/woocommerce-ajax-filters/template_styles/paid/images/square-price.png"}},"berocket_admin_notices":{"20":[[{"subscribe":{"start":0,"end":0,"name":"subscribe","html":"Subscribe to get latest BeRocket news and updates, plugin recommendations and configuration help, promotional email with discount codes.","righthtml":"<a class=\"berocket_no_thanks\">No thanks</a>","rightwidth":80,"nothankswidth":60,"contentwidth":400,"subscribe":true,"closed":2,"priority":20,"height":50,"repeat":false,"repeatcount":1,"image":{"local":"https://innovecouture.vamtam.com/wp-content/plugins/woocommerce-ajax-filters/berocket/includes/../assets/images/ad_white_on_orange.webp","width":239,"height":118,"scale":0.423728813559322}}}]]},"berocket_admin_notices_rate_stars":{"1":{"time":0,"count":0}},"berocket_current_displayed_notice":"","berocket_filter_open_wizard_on_settings":false,"berocket_framework_option_global":{"fontawesome_frontend_disable":"","fontawesome_frontend_version":"","framework_products_per_page":""},"BeRocket_Framework_plugins_version_check":{"ajax_filters":"1.6.9.1"},"berocket_key_activated_plugins":{"1":false},"berocket_last_close_notices_time":"1703141517","berocket_multisite_import_ready":false,"BeRocket_selector_wizard_status":false}