{"woosw_disable_unauthenticated":false,"woosw_auto_remove":false,"woosw_enable_multiple":false,"woosw_button_type":false,"woosw_button_icon":false,"woosw_button_normal_icon":false,"woosw_button_added_icon":false,"woosw_button_loading_icon":false,"woosw_button_action":false,"woosw_message_position":false,"woosw_button_action_added":false,"woosw_popup_position":false,"woosw_perfect_scrollbar":false,"woosw_link":false,"woosw_use_note":false,"woosw_show_note":false,"woosw_show_price_change":false,"woosw_empty_button":false,"woosw_suggested":false,"woosw_suggested_limit":false,"woosw_page_share":false,"woosw_page_icon":false,"woosw_page_copy":false,"woosw_page_myaccount":false,"woosw_menu_action":false,"woosw_button_class":false,"woosw_button_position_archive":false,"woosw_button_position_single":false,"woosw_button_text":false,"woosw_button_text_added":false,"woosw_cats":false,"woosw_color":false,"woosw_continue_url":false,"woosw_localization":false,"woosw_maximum_wishlists":false,"woosw_menus":false,"woosw_page_id":"10","woosw_page_items":false,"woosw_settings":{"disable_unauthenticated":"no","auto_remove":"no","enable_multiple":"no","maximum_wishlists":"10","button_type":"button","button_icon":"left","button_normal_icon":"woosw-icon-5","button_added_icon":"woosw-icon-8","button_loading_icon":"woosw-icon-4","button_action":"no","message_position":"right-top","button_action_added":"page","button_class":"","button_position_archive":"after_add_to_cart","button_position_single":"31","cats":["0"],"popup_position":"center","perfect_scrollbar":"yes","color":"#0a0505","link":"yes","show_price_change":"no","use_note":"yes","show_note":"no","empty_button":"no","continue_url":"","suggested_limit":"0","suggested":["related","up_sells","cross_sells","compare"],"page_id":"10","page_share":"no","page_icon":"yes","page_copy":"no","page_myaccount":"yes","menu_action":"open_page"}}