{
    "key": "group_5e52e022d7732",
    "title": "Page Settings",
    "fields": [
        {
            "key": "field_5e52e03053ffa",
            "label": "Page Footer",
            "name": "hide_footer",
            "type": "true_false",
            "instructions": "",
            "required": 0,
            "conditional_logic": 0,
            "wrapper": {
                "width": "",
                "class": "",
                "id": ""
            },
            "message": "",
            "default_value": 0,
            "ui": 1,
            "ui_on_text": "Hide",
            "ui_off_text": "Show"
        }
    ],
    "location": [
        [
            {
                "param": "post_type",
                "operator": "==",
                "value": "page"
            }
        ],
        [
            {
                "param": "post_type",
                "operator": "==",
                "value": "portfolio"
            }
        ]
    ],
    "menu_order": 9,
    "position": "normal",
    "style": "default",
    "label_placement": "top",
    "instruction_placement": "label",
    "hide_on_screen": "",
    "active": true,
    "description": "",
    "modified": 1619816095
}