{
    "key": "group_5b68cf73a649e",
    "title": "Minterio Options",
    "fields": [
        {
            "key": "field_5b749fa968288",
            "label": "Styling",
            "name": "",
            "type": "tab",
            "instructions": "",
            "required": 0,
            "conditional_logic": 0,
            "wrapper": {
                "width": "",
                "class": "",
                "id": ""
            },
            "placement": "top",
            "endpoint": 0
        },
        {
            "key": "field_60672bee61163",
            "label": "Theme Color",
            "name": "theme_color",
            "type": "color_picker",
            "instructions": "Default is #0d6b68",
            "required": 0,
            "conditional_logic": 0,
            "wrapper": {
                "width": "",
                "class": "",
                "id": ""
            },
            "default_value": "",
            "enable_opacity": 0,
            "return_format": "string"
        },
        {
            "key": "field_61eeeb888c688",
            "label": "Buttons Color",
            "name": "btn_color",
            "type": "color_picker",
            "instructions": "Default is #0d6b68",
            "required": 0,
            "conditional_logic": 0,
            "wrapper": {
                "width": "",
                "class": "",
                "id": ""
            },
            "default_value": "",
            "enable_opacity": 0,
            "return_format": "string"
        },
        {
            "key": "field_61eeeba98c689",
            "label": "Additional Buttons Color",
            "name": "ad_btn_color",
            "type": "color_picker",
            "instructions": "Default is #0d6b68",
            "required": 0,
            "conditional_logic": 0,
            "wrapper": {
                "width": "",
                "class": "",
                "id": ""
            },
            "default_value": "",
            "enable_opacity": 0,
            "return_format": "string"
        },
        {
            "key": "field_5b68d509665d9",
            "label": "Background Color",
            "name": "base_bg_color",
            "type": "color_picker",
            "instructions": "Default is #FFF",
            "required": 0,
            "conditional_logic": 0,
            "wrapper": {
                "width": "",
                "class": "",
                "id": ""
            },
            "default_value": "",
            "enable_opacity": 0,
            "return_format": "string"
        },
        {
            "key": "field_616acfbeee722",
            "label": "Heading Color",
            "name": "heading_color",
            "type": "color_picker",
            "instructions": "Default is #070c1f",
            "required": 0,
            "conditional_logic": 0,
            "wrapper": {
                "width": "",
                "class": "",
                "id": ""
            },
            "default_value": "",
            "enable_opacity": 0,
            "return_format": "string"
        },
        {
            "key": "field_60672b1d6115f",
            "label": "Paragraphs Color",
            "name": "text_color",
            "type": "color_picker",
            "instructions": "Default is #070c1f",
            "required": 0,
            "conditional_logic": 0,
            "wrapper": {
                "width": "",
                "class": "",
                "id": ""
            },
            "default_value": "",
            "enable_opacity": 0,
            "return_format": "string"
        },
        {
            "key": "field_6143ab7dbeaca",
            "label": "Menu Items Color",
            "name": "menu_color",
            "type": "color_picker",
            "instructions": "Default is #070c1f",
            "required": 0,
            "conditional_logic": 0,
            "wrapper": {
                "width": "",
                "class": "",
                "id": ""
            },
            "default_value": "",
            "enable_opacity": 0,
            "return_format": "string"
        },
        {
            "key": "field_60672c8261165",
            "label": "Paragraphs Font Size",
            "name": "base_font_size",
            "type": "number",
            "instructions": "Default is 16px",
            "required": 0,
            "conditional_logic": 0,
            "wrapper": {
                "width": "",
                "class": "",
                "id": ""
            },
            "default_value": "",
            "placeholder": "",
            "prepend": "",
            "append": "px",
            "min": 1,
            "max": 500,
            "step": 1
        },
        {
            "key": "field_60672cef61168",
            "label": "Heading Font Size",
            "name": "heading_font_size",
            "type": "number",
            "instructions": "Default is 44px",
            "required": 0,
            "conditional_logic": 0,
            "wrapper": {
                "width": "",
                "class": "",
                "id": ""
            },
            "default_value": "",
            "placeholder": "",
            "prepend": "",
            "append": "px",
            "min": 1,
            "max": 500,
            "step": 1
        },
        {
            "key": "field_60672e186116c",
            "label": "Menu Items Font Size",
            "name": "menu_font_size",
            "type": "number",
            "instructions": "Default is 16px",
            "required": 0,
            "conditional_logic": 0,
            "wrapper": {
                "width": "",
                "class": "",
                "id": ""
            },
            "default_value": "",
            "placeholder": "",
            "prepend": "",
            "append": "px",
            "min": 1,
            "max": 500,
            "step": 1
        },
        {
            "key": "field_5b68d188906fd",
            "label": "Paragraphs Font",
            "name": "text_font_family",
            "type": "ui_google_font",
            "instructions": "Change paragraphs font family. Default is 'Montserrat'.",
            "required": 0,
            "conditional_logic": 0,
            "wrapper": {
                "width": "",
                "class": "",
                "id": ""
            },
            "font_size": 14
        },
        {
            "key": "field_5b68cfc4906fc",
            "label": "Heading Font",
            "name": "primary_font_family",
            "type": "ui_google_font",
            "instructions": "Change Headings font family. Default is 'Montserrat'.",
            "required": 0,
            "conditional_logic": 0,
            "wrapper": {
                "width": "",
                "class": "",
                "id": ""
            },
            "font_size": 14
        },
        {
            "key": "field_5e7d27a0e322a",
            "label": "Disable Preloader?",
            "name": "disable_preloader",
            "type": "true_false",
            "instructions": "",
            "required": 0,
            "conditional_logic": 0,
            "wrapper": {
                "width": "",
                "class": "",
                "id": ""
            },
            "message": "",
            "default_value": 0,
            "ui": 0,
            "ui_on_text": "",
            "ui_off_text": ""
        },
        {
            "key": "field_608c707f85717",
            "label": "Preloader color",
            "name": "preloader_color",
            "type": "color_picker",
            "instructions": "",
            "required": 0,
            "conditional_logic": 0,
            "wrapper": {
                "width": "",
                "class": "",
                "id": ""
            },
            "default_value": "",
            "enable_opacity": false,
            "return_format": "string"
        },
        {
            "key": "field_5bdf2cde8071e",
            "label": "Header",
            "name": "",
            "type": "tab",
            "instructions": "",
            "required": 0,
            "conditional_logic": 0,
            "wrapper": {
                "width": "",
                "class": "",
                "id": ""
            },
            "placement": "top",
            "endpoint": 0
        },
        {
            "key": "field_604887af533a7",
            "label": "",
            "name": "",
            "type": "message",
            "instructions": "",
            "required": 0,
            "conditional_logic": 0,
            "wrapper": {
                "width": "",
                "class": "",
                "id": ""
            },
            "message": "<h3>Template Layout<\/h3>",
            "new_lines": "wpautop",
            "esc_html": 0
        },
        {
            "key": "field_6047f336daec0",
            "label": "Header Layout",
            "name": "header_layout",
            "type": "select",
            "instructions": "If you select Default - you can use this options page to configure it. If you select Builder go to Theme Templates -> Selected Template -> Edit with Elementor to configure it.",
            "required": 0,
            "conditional_logic": 0,
            "wrapper": {
                "width": "",
                "class": "",
                "id": ""
            },
            "choices": [
                "Default",
                "Builder"
            ],
            "default_value": false,
            "allow_null": 0,
            "multiple": 0,
            "ui": 0,
            "return_format": "value",
            "ajax": 0,
            "placeholder": ""
        },
        {
            "key": "field_6047f4160611f",
            "label": "Header Template",
            "name": "header_template",
            "type": "post_object",
            "instructions": "",
            "required": 0,
            "conditional_logic": [
                [
                    {
                        "field": "field_6047f336daec0",
                        "operator": "==",
                        "value": "1"
                    }
                ]
            ],
            "wrapper": {
                "width": "",
                "class": "",
                "id": ""
            },
            "post_type": [
                "hf_templates"
            ],
            "taxonomy": "",
            "allow_null": 0,
            "multiple": 0,
            "return_format": "id",
            "ui": 1
        },
        {
            "key": "field_5b68cc1dc1b62",
            "label": "Footer",
            "name": "",
            "type": "tab",
            "instructions": "",
            "required": 0,
            "conditional_logic": 0,
            "wrapper": {
                "width": "",
                "class": "",
                "id": ""
            },
            "placement": "top",
            "endpoint": 0
        },
        {
            "key": "field_60488723533a4",
            "label": "",
            "name": "",
            "type": "message",
            "instructions": "",
            "required": 0,
            "conditional_logic": 0,
            "wrapper": {
                "width": "",
                "class": "",
                "id": ""
            },
            "message": "<h3>Template Layout<\/h3>",
            "new_lines": "wpautop",
            "esc_html": 0
        },
        {
            "key": "field_6047f44e06120",
            "label": "Footer Layout",
            "name": "footer_layout",
            "type": "select",
            "instructions": "If you select Default - you can use this options page to configure it. If you select Builder go to Theme Templates -> Selected Template -> Edit with Elementor to configure it.",
            "required": 0,
            "conditional_logic": 0,
            "wrapper": {
                "width": "",
                "class": "",
                "id": ""
            },
            "choices": [
                "Default",
                "Builder"
            ],
            "default_value": false,
            "allow_null": 0,
            "multiple": 0,
            "ui": 0,
            "return_format": "value",
            "ajax": 0,
            "placeholder": ""
        },
        {
            "key": "field_6047f46706121",
            "label": "Footer Template",
            "name": "footer_template",
            "type": "post_object",
            "instructions": "",
            "required": 0,
            "conditional_logic": [
                [
                    {
                        "field": "field_6047f44e06120",
                        "operator": "==",
                        "value": "1"
                    }
                ]
            ],
            "wrapper": {
                "width": "",
                "class": "",
                "id": ""
            },
            "post_type": [
                "hf_templates"
            ],
            "taxonomy": "",
            "allow_null": 0,
            "multiple": 0,
            "return_format": "id",
            "ui": 1
        },
        {
            "key": "field_5b81b63130cb7",
            "label": "Blog",
            "name": "",
            "type": "tab",
            "instructions": "",
            "required": 0,
            "conditional_logic": 0,
            "wrapper": {
                "width": "",
                "class": "",
                "id": ""
            },
            "placement": "top",
            "endpoint": 0
        },
        {
            "key": "field_5e5e39b87f0e0",
            "label": "Blog Title",
            "name": "blog_title",
            "type": "text",
            "instructions": "",
            "required": 0,
            "conditional_logic": 0,
            "wrapper": {
                "width": "",
                "class": "",
                "id": ""
            },
            "default_value": "",
            "placeholder": "",
            "prepend": "",
            "append": "",
            "maxlength": ""
        },
        {
            "key": "field_5d29eb446dca9",
            "label": "Blog Page",
            "name": "post_page",
            "type": "post_object",
            "instructions": "",
            "required": 0,
            "conditional_logic": 0,
            "wrapper": {
                "width": "",
                "class": "",
                "id": ""
            },
            "post_type": [
                "page"
            ],
            "taxonomy": "",
            "allow_null": 0,
            "multiple": 0,
            "return_format": "id",
            "ui": 1
        },
        {
            "key": "field_5b81b6d930cb9",
            "label": "Display categories?",
            "name": "blog_categories",
            "type": "true_false",
            "instructions": "Display categories for blog item.",
            "required": 0,
            "conditional_logic": 0,
            "wrapper": {
                "width": "",
                "class": "",
                "id": ""
            },
            "message": "",
            "default_value": 1,
            "ui": 0,
            "ui_on_text": "",
            "ui_off_text": ""
        },
        {
            "key": "field_5b81b7ca30cba",
            "label": "Disable post excerpt?",
            "name": "blog_excerpt",
            "type": "true_false",
            "instructions": "Disable excerpt of post on blog page",
            "required": 0,
            "conditional_logic": 0,
            "wrapper": {
                "width": "",
                "class": "",
                "id": ""
            },
            "message": "",
            "default_value": 0,
            "ui": 0,
            "ui_on_text": "",
            "ui_off_text": ""
        },
        {
            "key": "field_5c610c399cf20",
            "label": "Social Share",
            "name": "social_share",
            "type": "checkbox",
            "instructions": "Share buttons on portfolio and blog single pages",
            "required": 0,
            "conditional_logic": 0,
            "wrapper": {
                "width": "",
                "class": "",
                "id": ""
            },
            "choices": {
                "facebook": "Facebook",
                "twitter": "Twitter",
                "tumblr": "Tumblr",
                "linkedin": "Linkedin",
                "reddit": "Reddit",
                "pinterest": "Pinterest",
                "whatsapp": "WhatsApp"
            },
            "allow_custom": 0,
            "default_value": [
                "facebook",
                "twitter",
                "linkedin",
                "pinterest",
                "reddit"
            ],
            "layout": "vertical",
            "toggle": 0,
            "return_format": "array",
            "save_custom": 0
        },
        {
            "key": "field_5b81d4e54b429",
            "label": "Portfolio",
            "name": "",
            "type": "tab",
            "instructions": "",
            "required": 0,
            "conditional_logic": 0,
            "wrapper": {
                "width": "",
                "class": "",
                "id": ""
            },
            "placement": "top",
            "endpoint": 0
        },
        {
            "key": "field_5d29e1a48ac41",
            "label": "Portfolio Page",
            "name": "portfolio_page",
            "type": "post_object",
            "instructions": "",
            "required": 0,
            "conditional_logic": 0,
            "wrapper": {
                "width": "",
                "class": "",
                "id": ""
            },
            "post_type": [
                "page"
            ],
            "taxonomy": "",
            "allow_null": 0,
            "multiple": 0,
            "return_format": "id",
            "ui": 1
        },
        {
            "key": "field_5d180fc659b7e",
            "label": "404",
            "name": "",
            "type": "tab",
            "instructions": "",
            "required": 0,
            "conditional_logic": 0,
            "wrapper": {
                "width": "",
                "class": "",
                "id": ""
            },
            "placement": "top",
            "endpoint": 0
        },
        {
            "key": "field_6143a27dadffb",
            "label": "Title",
            "name": "p404_title",
            "type": "textarea",
            "instructions": "",
            "required": 0,
            "conditional_logic": 0,
            "wrapper": {
                "width": "",
                "class": "",
                "id": ""
            },
            "default_value": "Something has happened...",
            "placeholder": "",
            "maxlength": "",
            "rows": "",
            "new_lines": "br"
        },
        {
            "key": "field_5d180feb59b80",
            "label": "Content",
            "name": "p404_content",
            "type": "wysiwyg",
            "instructions": "",
            "required": 0,
            "conditional_logic": 0,
            "wrapper": {
                "width": "",
                "class": "",
                "id": ""
            },
            "default_value": "<p>This page is missing or you assembled the link incorrectly. Try again or come back<\/p>",
            "tabs": "all",
            "toolbar": "basic",
            "media_upload": 0,
            "delay": 0
        },
        {
            "key": "field_6143aa772487a",
            "label": "Image",
            "name": "p404_image",
            "type": "image",
            "instructions": "",
            "required": 0,
            "conditional_logic": 0,
            "wrapper": {
                "width": "",
                "class": "",
                "id": ""
            },
            "return_format": "array",
            "preview_size": "medium",
            "library": "all",
            "min_width": "",
            "min_height": "",
            "min_size": "",
            "max_width": "",
            "max_height": "",
            "max_size": "",
            "mime_types": ""
        },
        {
            "key": "field_5d2a5bab8dc53",
            "label": "Background Image",
            "name": "p404_bg_image",
            "type": "image",
            "instructions": "",
            "required": 0,
            "conditional_logic": 0,
            "wrapper": {
                "width": "",
                "class": "",
                "id": ""
            },
            "return_format": "array",
            "preview_size": "medium",
            "library": "all",
            "min_width": "",
            "min_height": "",
            "min_size": "",
            "max_width": "",
            "max_height": "",
            "max_size": "",
            "mime_types": ""
        },
        {
            "key": "field_611458d5400f8",
            "label": "Shop",
            "name": "",
            "type": "tab",
            "instructions": "",
            "required": 0,
            "conditional_logic": 0,
            "wrapper": {
                "width": "",
                "class": "",
                "id": ""
            },
            "placement": "top",
            "endpoint": 0
        },
        {
            "key": "field_611458e3400f9",
            "label": "Sidebar",
            "name": "shop_sidebar",
            "type": "select",
            "instructions": "",
            "required": 0,
            "conditional_logic": 0,
            "wrapper": {
                "width": "",
                "class": "",
                "id": ""
            },
            "choices": {
                "left": "Left",
                "right": "Right",
                "hide": "Hide"
            },
            "default_value": false,
            "allow_null": 0,
            "multiple": 0,
            "ui": 0,
            "return_format": "value",
            "ajax": 0,
            "placeholder": ""
        },
        {
            "key": "field_61145ad02915c",
            "label": "Background Image",
            "name": "shop_bg",
            "type": "image",
            "instructions": "",
            "required": 0,
            "conditional_logic": 0,
            "wrapper": {
                "width": "",
                "class": "",
                "id": ""
            },
            "return_format": "id",
            "preview_size": "medium",
            "library": "all",
            "min_width": "",
            "min_height": "",
            "min_size": "",
            "max_width": "",
            "max_height": "",
            "max_size": "",
            "mime_types": ""
        },
        {
            "key": "field_61145cf2d7a24",
            "label": "Main Description",
            "name": "shop_desc_main",
            "type": "textarea",
            "instructions": "",
            "required": 0,
            "conditional_logic": 0,
            "wrapper": {
                "width": "",
                "class": "",
                "id": ""
            },
            "default_value": "",
            "placeholder": "",
            "maxlength": "",
            "rows": "",
            "new_lines": ""
        },
        {
            "key": "field_61145d11d7a25",
            "label": "Category Description",
            "name": "shop_desc_cat",
            "type": "textarea",
            "instructions": "",
            "required": 0,
            "conditional_logic": 0,
            "wrapper": {
                "width": "",
                "class": "",
                "id": ""
            },
            "default_value": "",
            "new_lines": "",
            "maxlength": "",
            "placeholder": "",
            "rows": ""
        }
    ],
    "location": [
        [
            {
                "param": "options_page",
                "operator": "==",
                "value": "theme-options"
            }
        ]
    ],
    "menu_order": 0,
    "position": "normal",
    "style": "default",
    "label_placement": "top",
    "instruction_placement": "label",
    "hide_on_screen": "",
    "active": true,
    "description": "",
    "show_in_rest": 0,
    "modified": 1643047873
}