<wpml-config>
    <admin-texts>
        <key name="pxl_theme_options">
            <key name="cookie_policy_description" />
            <key name="cookie_policy_btntext" />
            <key name="sg_post_title_text" />
            <key name="archive_readmore_text" />
            <key name="portfolio_slug" />
            <key name="portfolio_name" />
            <key name="sg_portfolio_title_text" />
            <key name="service_slug" />
            <key name="service_name" />
            <key name="sg_service_title_text" />
        </key>
    </admin-texts>
</wpml-config>