{"elementor_pro_theme_builder_conditions":{"popup":{"16207":["include\/singular\/page\/4604"],"7190":["include\/singular\/page\/4162"],"3932":["include\/general","exclude\/singular\/page\/1338","exclude\/singular\/page\/4604"]},"single":{"15502":["include\/singular\/any_child_of\/4604"],"13279":["include\/singular\/not_found404"],"12220":["include\/singular\/in_category\/25"],"10456":["include\/singular\/post","exclude\/singular\/in_category\/7","exclude\/singular\/in_category\/25","exclude\/singular\/in_category\/28"],"10065":["include\/singular\/in_category\/28"],"7246":["include\/singular\/page","exclude\/singular\/front_page","exclude\/singular\/page\/1338","exclude\/singular\/page\/4162","exclude\/singular\/page\/14696"],"5190":["include\/singular\/in_category\/7"]},"archive":{"13310":["include\/archive\/search"],"11362":["include\/archive\/category\/7","include\/archive\/post_tag\/8","include\/archive\/post_tag\/31","include\/archive\/post_tag\/9","include\/archive\/post_tag\/33","include\/archive\/post_tag\/35","include\/archive\/post_tag\/38","include\/archive\/post_tag\/40","include\/archive\/post_tag\/42","include\/archive\/post_tag\/39","include\/archive\/post_tag\/32","include\/archive\/post_tag\/41","include\/archive\/post_tag\/30","include\/archive\/post_tag\/36","include\/archive\/post_tag\/34","include\/archive\/post_tag\/23","include\/archive\/post_tag\/37","include\/archive\/post_tag\/12","include\/archive\/post_tag\/13","include\/archive\/post_tag\/11","include\/archive\/post_tag\/10","include\/archive\/post_tag\/24"],"9827":["include\/archive"]},"footer":{"6663":["include\/singular\/page\/4162"],"2161":["include\/singular\/page\/1338"],"1037":["include\/general","exclude\/singular\/page\/3992","exclude\/singular\/page\/1338","include\/singular\/page\/4162"]},"header":{"5781":["include\/singular\/page\/4162"],"1460":["include\/singular\/page\/1338"],"349":["include\/general","exclude\/singular\/page\/3992","exclude\/singular\/page\/1338"]}},"elementor_allow_svg":false,"elementor_cpt_support":["post","page"],"elementor_active_kit":"4","elementor_scheme_color":false,"elementor_scheme_color-picker":false,"elementor_scheme_typography":false,"elementor_viewport_lg":false,"elementor_viewport_md":false,"elementor_disable_color_schemes":"","elementor_disable_typography_schemes":""}