[{"attribute_id":"3","attribute_name":"brand","attribute_label":"Brand","attribute_type":"select","attribute_orderby":"menu_order","attribute_public":"1"},{"attribute_id":"6","attribute_name":"class-type","attribute_label":"Class type","attribute_type":"select","attribute_orderby":"menu_order","attribute_public":"0"},{"attribute_id":"5","attribute_name":"collection","attribute_label":"Collection","attribute_type":"select","attribute_orderby":"menu_order","attribute_public":"0"},{"attribute_id":"2","attribute_name":"color","attribute_label":"Color:","attribute_type":"select","attribute_orderby":"menu_order","attribute_public":"0"},{"attribute_id":"1","attribute_name":"shop-by-size","attribute_label":"Select Size:","attribute_type":"select","attribute_orderby":"menu_order","attribute_public":"0"}]