{
    "version": "0.4",
    "title": "Contact Form",
    "type": "section",
    "metadata": {
        "template_type": "section-other",
        "include_in_zip": "1",
        "elementor_pro_required": null,
        "wp_page_template": "elementor_canvas"
    },
    "content": [
        {
            "id": "4877ec7b",
            "settings": {
                "flex_direction": "row",
                "flex_justify_content": "space-between",
                "flex_align_items": "center",
                "flex_gap": {
                    "column": "32",
                    "row": "32",
                    "isLinked": true,
                    "unit": "px",
                    "size": 32
                },
                "flex_wrap": "wrap",
                "padding": {
                    "unit": "px",
                    "top": "0",
                    "right": "0",
                    "bottom": "0",
                    "left": "0",
                    "isLinked": false
                },
                "_title": "Contact Form"
            },
            "elements": [
                {
                    "id": "5edaf0b",
                    "settings": {
                        "mf_input_label": "Full Name",
                        "mf_input_name": "mf-text",
                        "mf_input_placeholder": "e.g. Jane Smith",
                        "mf_input_required": "yes",
                        "mf_input_validation_warning_message": "This field is required.",
                        "mf_input_label_color": "#FCFCFC",
                        "mf_input_label_typography_typography": "custom",
                        "mf_input_label_typography_font_family": "Inter",
                        "mf_input_label_typography_font_size": {
                            "unit": "px",
                            "size": 15,
                            "sizes": []
                        },
                        "mf_input_label_typography_font_weight": "400",
                        "mf_input_label_typography_text_transform": "none",
                        "mf_input_label_typography_text_decoration": "none",
                        "mf_input_label_typography_line_height": {
                            "unit": "px",
                            "size": 25,
                            "sizes": []
                        },
                        "mf_input_label_padding": {
                            "unit": "px",
                            "top": "0",
                            "right": "0",
                            "bottom": "0",
                            "left": "0",
                            "isLinked": false
                        },
                        "mf_input_label_margin": {
                            "unit": "px",
                            "top": "0",
                            "right": "0",
                            "bottom": "12",
                            "left": "0",
                            "isLinked": false
                        },
                        "mf_input_warning_text_typography_typography": "custom",
                        "mf_input_warning_text_typography_font_family": "Inter",
                        "mf_input_warning_text_typography_font_size": {
                            "unit": "px",
                            "size": 14,
                            "sizes": []
                        },
                        "mf_input_warning_text_typography_font_weight": "400",
                        "mf_input_warning_text_typography_text_transform": "none",
                        "mf_input_warning_text_typography_text_decoration": "none",
                        "mf_input_warning_text_typography_line_height": {
                            "unit": "px",
                            "size": 24,
                            "sizes": []
                        },
                        "mf_input_padding": {
                            "unit": "px",
                            "top": "16",
                            "right": "16",
                            "bottom": "16",
                            "left": "16",
                            "isLinked": true
                        },
                        "mf_input_margin": {
                            "unit": "px",
                            "top": "0",
                            "right": "0",
                            "bottom": "0",
                            "left": "0",
                            "isLinked": false
                        },
                        "mf_input_color": "#FCFCFC",
                        "mf_input_background_background": "classic",
                        "mf_input_background_color": "#61CE7000",
                        "mf_input_border_border": "solid",
                        "mf_input_border_width": {
                            "unit": "px",
                            "top": "1",
                            "right": "1",
                            "bottom": "1",
                            "left": "1",
                            "isLinked": true
                        },
                        "mf_input_border_color": "#2F2F2F",
                        "mf_input_color_hover": "#FCFCFC",
                        "mf_input_color_focus": "#FCFCFC",
                        "mf_input_border_focus_border": "solid",
                        "mf_input_border_focus_width": {
                            "unit": "px",
                            "top": "1",
                            "right": "1",
                            "bottom": "1",
                            "left": "1",
                            "isLinked": true
                        },
                        "mf_input_typgraphy_typography": "custom",
                        "mf_input_typgraphy_font_family": "Inter",
                        "mf_input_typgraphy_font_size": {
                            "unit": "px",
                            "size": 16,
                            "sizes": []
                        },
                        "mf_input_typgraphy_font_weight": "400",
                        "mf_input_typgraphy_text_transform": "none",
                        "mf_input_typgraphy_text_decoration": "none",
                        "mf_input_typgraphy_line_height": {
                            "unit": "px",
                            "size": 26,
                            "sizes": []
                        },
                        "mf_input_border_radius": {
                            "unit": "px",
                            "size": 8,
                            "sizes": []
                        },
                        "_element_width": "initial",
                        "_element_custom_width": {
                            "unit": "custom",
                            "size": "calc(50% - 16px)",
                            "sizes": []
                        },
                        "_element_custom_width_tablet": {
                            "unit": "custom",
                            "size": "",
                            "sizes": []
                        },
                        "_element_custom_width_mobile": {
                            "unit": "custom",
                            "size": "",
                            "sizes": []
                        },
                        "__globals__": {
                            "mf_input_label_color": "globals\/colors?id=86a6e95",
                            "mf_input_label_typography_typography": "globals\/typography?id=b2db789",
                            "mf_input_required_indicator_color": "globals\/colors?id=39e1edd",
                            "mf_input_warning_text_color": "globals\/colors?id=39e1edd",
                            "mf_input_warning_text_typography_typography": "globals\/typography?id=65f63ad",
                            "mf_input_background_color": "globals\/colors?id=6af2490",
                            "mf_input_color": "globals\/colors?id=86a6e95",
                            "mf_input_color_hover": "globals\/colors?id=86a6e95",
                            "mf_input_color_focus": "globals\/colors?id=86a6e95",
                            "mf_input_border_color": "globals\/colors?id=e7352ca",
                            "mf_input_typgraphy_typography": "globals\/typography?id=text",
                            "mf_input_place_holder_typography_typography": "globals\/typography?id=63bf0e8",
                            "mf_input_placeholder_color": "globals\/colors?id=text",
                            "mf_input_border_focus_color": "globals\/colors?id=primary"
                        },
                        "_element_width_mobile": "inherit"
                    },
                    "elements": [],
                    "isInner": false,
                    "widgetType": "mf-text",
                    "elType": "widget"
                },
                {
                    "id": "53aa300a",
                    "settings": {
                        "mf_input_label": "Email",
                        "mf_input_name": "mf-email",
                        "mf_input_placeholder": "e.g. hello@heydenstd.com",
                        "mf_input_required": "yes",
                        "mf_input_validation_warning_message": "This field is required.",
                        "mf_input_label_color": "#FCFCFC",
                        "mf_input_label_typography_typography": "custom",
                        "mf_input_label_typography_font_family": "Inter",
                        "mf_input_label_typography_font_size": {
                            "unit": "px",
                            "size": 15,
                            "sizes": []
                        },
                        "mf_input_label_typography_font_weight": "400",
                        "mf_input_label_typography_text_transform": "none",
                        "mf_input_label_typography_text_decoration": "none",
                        "mf_input_label_typography_line_height": {
                            "unit": "px",
                            "size": 25,
                            "sizes": []
                        },
                        "mf_input_label_padding": {
                            "unit": "px",
                            "top": "0",
                            "right": "0",
                            "bottom": "0",
                            "left": "0",
                            "isLinked": false
                        },
                        "mf_input_label_margin": {
                            "unit": "px",
                            "top": "0",
                            "right": "0",
                            "bottom": "12",
                            "left": "0",
                            "isLinked": false
                        },
                        "mf_input_warning_text_typography_typography": "custom",
                        "mf_input_warning_text_typography_font_family": "Inter",
                        "mf_input_warning_text_typography_font_size": {
                            "unit": "px",
                            "size": 14,
                            "sizes": []
                        },
                        "mf_input_warning_text_typography_font_weight": "400",
                        "mf_input_warning_text_typography_text_transform": "none",
                        "mf_input_warning_text_typography_text_decoration": "none",
                        "mf_input_warning_text_typography_line_height": {
                            "unit": "px",
                            "size": 24,
                            "sizes": []
                        },
                        "mf_input_padding": {
                            "unit": "px",
                            "top": "16",
                            "right": "16",
                            "bottom": "16",
                            "left": "16",
                            "isLinked": true
                        },
                        "mf_input_margin": {
                            "unit": "px",
                            "top": "0",
                            "right": "0",
                            "bottom": "0",
                            "left": "0",
                            "isLinked": false
                        },
                        "mf_input_color": "#FCFCFC",
                        "mf_input_background_background": "classic",
                        "mf_input_background_color": "#61CE7000",
                        "mf_input_border_border": "solid",
                        "mf_input_border_width": {
                            "unit": "px",
                            "top": "1",
                            "right": "1",
                            "bottom": "1",
                            "left": "1",
                            "isLinked": true
                        },
                        "mf_input_border_color": "#2F2F2F",
                        "mf_input_color_hover": "#FCFCFC",
                        "mf_input_color_focus": "#FCFCFC",
                        "mf_input_border_focus_border": "solid",
                        "mf_input_border_focus_width": {
                            "unit": "px",
                            "top": "1",
                            "right": "1",
                            "bottom": "1",
                            "left": "1",
                            "isLinked": true
                        },
                        "mf_input_typgraphy_typography": "custom",
                        "mf_input_typgraphy_font_family": "Inter",
                        "mf_input_typgraphy_font_size": {
                            "unit": "px",
                            "size": 16,
                            "sizes": []
                        },
                        "mf_input_typgraphy_font_weight": "400",
                        "mf_input_typgraphy_text_transform": "none",
                        "mf_input_typgraphy_text_decoration": "none",
                        "mf_input_typgraphy_line_height": {
                            "unit": "px",
                            "size": 26,
                            "sizes": []
                        },
                        "mf_input_border_radius": {
                            "unit": "px",
                            "size": 8,
                            "sizes": []
                        },
                        "_element_width": "initial",
                        "_element_custom_width": {
                            "unit": "custom",
                            "size": "calc(50% - 16px)",
                            "sizes": []
                        },
                        "_element_custom_width_tablet": {
                            "unit": "custom",
                            "size": "",
                            "sizes": []
                        },
                        "_element_custom_width_mobile": {
                            "unit": "custom",
                            "size": "",
                            "sizes": []
                        },
                        "__globals__": {
                            "mf_input_label_color": "globals\/colors?id=86a6e95",
                            "mf_input_label_typography_typography": "globals\/typography?id=b2db789",
                            "mf_input_required_indicator_color": "globals\/colors?id=39e1edd",
                            "mf_input_warning_text_color": "globals\/colors?id=39e1edd",
                            "mf_input_warning_text_typography_typography": "globals\/typography?id=65f63ad",
                            "mf_input_background_color": "globals\/colors?id=6af2490",
                            "mf_input_color": "globals\/colors?id=86a6e95",
                            "mf_input_color_hover": "globals\/colors?id=86a6e95",
                            "mf_input_color_focus": "globals\/colors?id=86a6e95",
                            "mf_input_border_color": "globals\/colors?id=e7352ca",
                            "mf_input_typgraphy_typography": "globals\/typography?id=text",
                            "mf_input_place_holder_typography_typography": "globals\/typography?id=63bf0e8",
                            "mf_input_placeholder_color": "globals\/colors?id=text",
                            "mf_input_border_focus_color": "globals\/colors?id=primary"
                        },
                        "_element_width_mobile": "inherit"
                    },
                    "elements": [],
                    "isInner": false,
                    "widgetType": "mf-email",
                    "elType": "widget"
                },
                {
                    "id": "626a400b",
                    "settings": {
                        "mf_input_label": "Phone",
                        "mf_input_name": "mf-telephone",
                        "mf_input_placeholder": "e.g. (+62) 123 456 7890",
                        "mf_input_required": "yes",
                        "mf_input_validation_warning_message": "This field is required.",
                        "mf_input_label_color": "#FCFCFC",
                        "mf_input_label_typography_typography": "custom",
                        "mf_input_label_typography_font_family": "Inter",
                        "mf_input_label_typography_font_size": {
                            "unit": "px",
                            "size": 15,
                            "sizes": []
                        },
                        "mf_input_label_typography_font_weight": "400",
                        "mf_input_label_typography_text_transform": "none",
                        "mf_input_label_typography_text_decoration": "none",
                        "mf_input_label_typography_line_height": {
                            "unit": "px",
                            "size": 25,
                            "sizes": []
                        },
                        "mf_input_label_padding": {
                            "unit": "px",
                            "top": "0",
                            "right": "0",
                            "bottom": "0",
                            "left": "0",
                            "isLinked": false
                        },
                        "mf_input_label_margin": {
                            "unit": "px",
                            "top": "0",
                            "right": "0",
                            "bottom": "12",
                            "left": "0",
                            "isLinked": false
                        },
                        "mf_input_warning_text_typography_typography": "custom",
                        "mf_input_warning_text_typography_font_family": "Inter",
                        "mf_input_warning_text_typography_font_size": {
                            "unit": "px",
                            "size": 14,
                            "sizes": []
                        },
                        "mf_input_warning_text_typography_font_weight": "400",
                        "mf_input_warning_text_typography_text_transform": "none",
                        "mf_input_warning_text_typography_text_decoration": "none",
                        "mf_input_warning_text_typography_line_height": {
                            "unit": "px",
                            "size": 24,
                            "sizes": []
                        },
                        "mf_input_padding": {
                            "unit": "px",
                            "top": "16",
                            "right": "16",
                            "bottom": "16",
                            "left": "16",
                            "isLinked": true
                        },
                        "mf_input_margin": {
                            "unit": "px",
                            "top": "0",
                            "right": "0",
                            "bottom": "0",
                            "left": "0",
                            "isLinked": false
                        },
                        "mf_input_color": "#FCFCFC",
                        "mf_input_background_background": "classic",
                        "mf_input_background_color": "#61CE7000",
                        "mf_input_border_border": "solid",
                        "mf_input_border_width": {
                            "unit": "px",
                            "top": "1",
                            "right": "1",
                            "bottom": "1",
                            "left": "1",
                            "isLinked": true
                        },
                        "mf_input_border_color": "#2F2F2F",
                        "mf_input_color_hover": "#FCFCFC",
                        "mf_input_color_focus": "#FCFCFC",
                        "mf_input_border_focus_border": "solid",
                        "mf_input_border_focus_width": {
                            "unit": "px",
                            "top": "1",
                            "right": "1",
                            "bottom": "1",
                            "left": "1",
                            "isLinked": true
                        },
                        "mf_input_typgraphy_typography": "custom",
                        "mf_input_typgraphy_font_family": "Inter",
                        "mf_input_typgraphy_font_size": {
                            "unit": "px",
                            "size": 16,
                            "sizes": []
                        },
                        "mf_input_typgraphy_font_weight": "400",
                        "mf_input_typgraphy_text_transform": "none",
                        "mf_input_typgraphy_text_decoration": "none",
                        "mf_input_typgraphy_line_height": {
                            "unit": "px",
                            "size": 26,
                            "sizes": []
                        },
                        "mf_input_border_radius": {
                            "unit": "px",
                            "size": 8,
                            "sizes": []
                        },
                        "_element_width": "initial",
                        "_element_custom_width": {
                            "unit": "custom",
                            "size": "calc(50% - 16px)",
                            "sizes": []
                        },
                        "_element_custom_width_tablet": {
                            "unit": "custom",
                            "size": "",
                            "sizes": []
                        },
                        "_element_custom_width_mobile": {
                            "unit": "custom",
                            "size": "",
                            "sizes": []
                        },
                        "__globals__": {
                            "mf_input_label_color": "globals\/colors?id=86a6e95",
                            "mf_input_label_typography_typography": "globals\/typography?id=b2db789",
                            "mf_input_required_indicator_color": "globals\/colors?id=39e1edd",
                            "mf_input_warning_text_color": "globals\/colors?id=39e1edd",
                            "mf_input_warning_text_typography_typography": "globals\/typography?id=65f63ad",
                            "mf_input_background_color": "globals\/colors?id=6af2490",
                            "mf_input_color": "globals\/colors?id=86a6e95",
                            "mf_input_color_hover": "globals\/colors?id=86a6e95",
                            "mf_input_color_focus": "globals\/colors?id=86a6e95",
                            "mf_input_border_color": "globals\/colors?id=e7352ca",
                            "mf_input_typgraphy_typography": "globals\/typography?id=text",
                            "mf_input_place_holder_typography_typography": "globals\/typography?id=63bf0e8",
                            "mf_input_placeholder_color": "globals\/colors?id=text",
                            "mf_input_border_focus_color": "globals\/colors?id=primary"
                        },
                        "_element_width_mobile": "inherit"
                    },
                    "elements": [],
                    "isInner": false,
                    "widgetType": "mf-telephone",
                    "elType": "widget"
                },
                {
                    "id": "c2a1db9",
                    "settings": {
                        "mf_input_label": "Your Company?",
                        "mf_input_name": "mf-text",
                        "mf_input_placeholder": "e.g. Heyden Studio",
                        "mf_input_required": "yes",
                        "mf_input_validation_warning_message": "This field is required.",
                        "mf_input_label_color": "#FCFCFC",
                        "mf_input_label_typography_typography": "custom",
                        "mf_input_label_typography_font_family": "Inter",
                        "mf_input_label_typography_font_size": {
                            "unit": "px",
                            "size": 15,
                            "sizes": []
                        },
                        "mf_input_label_typography_font_weight": "400",
                        "mf_input_label_typography_text_transform": "none",
                        "mf_input_label_typography_text_decoration": "none",
                        "mf_input_label_typography_line_height": {
                            "unit": "px",
                            "size": 25,
                            "sizes": []
                        },
                        "mf_input_label_padding": {
                            "unit": "px",
                            "top": "0",
                            "right": "0",
                            "bottom": "0",
                            "left": "0",
                            "isLinked": false
                        },
                        "mf_input_label_margin": {
                            "unit": "px",
                            "top": "0",
                            "right": "0",
                            "bottom": "12",
                            "left": "0",
                            "isLinked": false
                        },
                        "mf_input_warning_text_typography_typography": "custom",
                        "mf_input_warning_text_typography_font_family": "Inter",
                        "mf_input_warning_text_typography_font_size": {
                            "unit": "px",
                            "size": 14,
                            "sizes": []
                        },
                        "mf_input_warning_text_typography_font_weight": "400",
                        "mf_input_warning_text_typography_text_transform": "none",
                        "mf_input_warning_text_typography_text_decoration": "none",
                        "mf_input_warning_text_typography_line_height": {
                            "unit": "px",
                            "size": 24,
                            "sizes": []
                        },
                        "mf_input_padding": {
                            "unit": "px",
                            "top": "16",
                            "right": "16",
                            "bottom": "16",
                            "left": "16",
                            "isLinked": true
                        },
                        "mf_input_margin": {
                            "unit": "px",
                            "top": "0",
                            "right": "0",
                            "bottom": "0",
                            "left": "0",
                            "isLinked": false
                        },
                        "mf_input_color": "#FCFCFC",
                        "mf_input_background_background": "classic",
                        "mf_input_background_color": "#61CE7000",
                        "mf_input_border_border": "solid",
                        "mf_input_border_width": {
                            "unit": "px",
                            "top": "1",
                            "right": "1",
                            "bottom": "1",
                            "left": "1",
                            "isLinked": true
                        },
                        "mf_input_border_color": "#2F2F2F",
                        "mf_input_color_hover": "#FCFCFC",
                        "mf_input_color_focus": "#FCFCFC",
                        "mf_input_border_focus_border": "solid",
                        "mf_input_border_focus_width": {
                            "unit": "px",
                            "top": "1",
                            "right": "1",
                            "bottom": "1",
                            "left": "1",
                            "isLinked": true
                        },
                        "mf_input_typgraphy_typography": "custom",
                        "mf_input_typgraphy_font_family": "Inter",
                        "mf_input_typgraphy_font_size": {
                            "unit": "px",
                            "size": 16,
                            "sizes": []
                        },
                        "mf_input_typgraphy_font_weight": "400",
                        "mf_input_typgraphy_text_transform": "none",
                        "mf_input_typgraphy_text_decoration": "none",
                        "mf_input_typgraphy_line_height": {
                            "unit": "px",
                            "size": 26,
                            "sizes": []
                        },
                        "mf_input_border_radius": {
                            "unit": "px",
                            "size": 8,
                            "sizes": []
                        },
                        "_element_width": "initial",
                        "_element_custom_width": {
                            "unit": "custom",
                            "size": "calc(50% - 16px)",
                            "sizes": []
                        },
                        "_element_custom_width_tablet": {
                            "unit": "custom",
                            "size": "",
                            "sizes": []
                        },
                        "_element_custom_width_mobile": {
                            "unit": "custom",
                            "size": "",
                            "sizes": []
                        },
                        "__globals__": {
                            "mf_input_label_color": "globals\/colors?id=86a6e95",
                            "mf_input_label_typography_typography": "globals\/typography?id=b2db789",
                            "mf_input_required_indicator_color": "globals\/colors?id=39e1edd",
                            "mf_input_warning_text_color": "globals\/colors?id=39e1edd",
                            "mf_input_warning_text_typography_typography": "globals\/typography?id=65f63ad",
                            "mf_input_background_color": "globals\/colors?id=6af2490",
                            "mf_input_color": "globals\/colors?id=86a6e95",
                            "mf_input_color_hover": "globals\/colors?id=86a6e95",
                            "mf_input_color_focus": "globals\/colors?id=86a6e95",
                            "mf_input_border_color": "globals\/colors?id=e7352ca",
                            "mf_input_typgraphy_typography": "globals\/typography?id=text",
                            "mf_input_place_holder_typography_typography": "globals\/typography?id=63bf0e8",
                            "mf_input_placeholder_color": "globals\/colors?id=text",
                            "mf_input_border_focus_color": "globals\/colors?id=primary"
                        },
                        "_element_width_mobile": "inherit"
                    },
                    "elements": [],
                    "isInner": false,
                    "widgetType": "mf-text",
                    "elType": "widget"
                },
                {
                    "id": "29ad53de",
                    "settings": {
                        "mf_input_label": "Message",
                        "mf_input_name": "mf-textarea",
                        "mf_input_placeholder": "Write your message here ...",
                        "mf_input_validation_warning_message": "This field is required.",
                        "mf_input_label_color": "#FCFCFC",
                        "mf_input_label_typography_typography": "custom",
                        "mf_input_label_typography_font_family": "Inter",
                        "mf_input_label_typography_font_size": {
                            "unit": "px",
                            "size": 15,
                            "sizes": []
                        },
                        "mf_input_label_typography_font_weight": "400",
                        "mf_input_label_typography_text_transform": "none",
                        "mf_input_label_typography_text_decoration": "none",
                        "mf_input_label_typography_line_height": {
                            "unit": "px",
                            "size": 25,
                            "sizes": []
                        },
                        "mf_input_label_padding": {
                            "unit": "px",
                            "top": "0",
                            "right": "0",
                            "bottom": "0",
                            "left": "0",
                            "isLinked": false
                        },
                        "mf_input_label_margin": {
                            "unit": "px",
                            "top": "0",
                            "right": "0",
                            "bottom": "12",
                            "left": "0",
                            "isLinked": false
                        },
                        "mf_input_warning_text_typography_typography": "custom",
                        "mf_input_warning_text_typography_font_family": "Inter",
                        "mf_input_warning_text_typography_font_size": {
                            "unit": "px",
                            "size": 14,
                            "sizes": []
                        },
                        "mf_input_warning_text_typography_font_weight": "400",
                        "mf_input_warning_text_typography_text_transform": "none",
                        "mf_input_warning_text_typography_text_decoration": "none",
                        "mf_input_warning_text_typography_line_height": {
                            "unit": "px",
                            "size": 24,
                            "sizes": []
                        },
                        "mf_textarea_field_height": {
                            "unit": "px",
                            "size": 160,
                            "sizes": []
                        },
                        "mf_input_padding": {
                            "unit": "px",
                            "top": "16",
                            "right": "16",
                            "bottom": "16",
                            "left": "16",
                            "isLinked": true
                        },
                        "mf_input_margin": {
                            "unit": "px",
                            "top": "0",
                            "right": "0",
                            "bottom": "0",
                            "left": "0",
                            "isLinked": false
                        },
                        "mf_input_color": "#FCFCFC",
                        "mf_input_background_background": "classic",
                        "mf_input_background_color": "#61CE7000",
                        "mf_input_border_border": "solid",
                        "mf_input_border_width": {
                            "unit": "px",
                            "top": "1",
                            "right": "1",
                            "bottom": "1",
                            "left": "1",
                            "isLinked": true
                        },
                        "mf_input_border_color": "#2F2F2F",
                        "mf_input_color_hover": "#FCFCFC",
                        "mf_input_color_focus": "#FCFCFC",
                        "mf_input_border_focus_border": "solid",
                        "mf_input_border_focus_width": {
                            "unit": "px",
                            "top": "1",
                            "right": "1",
                            "bottom": "1",
                            "left": "1",
                            "isLinked": true
                        },
                        "mf_input_typgraphy_typography": "custom",
                        "mf_input_typgraphy_font_family": "Inter",
                        "mf_input_typgraphy_font_size": {
                            "unit": "px",
                            "size": 16,
                            "sizes": []
                        },
                        "mf_input_typgraphy_font_weight": "400",
                        "mf_input_typgraphy_text_transform": "none",
                        "mf_input_typgraphy_text_decoration": "none",
                        "mf_input_typgraphy_line_height": {
                            "unit": "px",
                            "size": 26,
                            "sizes": []
                        },
                        "mf_input_border_radius": {
                            "unit": "px",
                            "size": 8,
                            "sizes": []
                        },
                        "_element_width": "inherit",
                        "_element_custom_width": {
                            "unit": "custom",
                            "size": "calc(50% - 16px)",
                            "sizes": []
                        },
                        "_element_custom_width_tablet": {
                            "unit": "custom",
                            "size": "",
                            "sizes": []
                        },
                        "_element_custom_width_mobile": {
                            "unit": "custom",
                            "size": "",
                            "sizes": []
                        },
                        "__globals__": {
                            "mf_input_label_color": "globals\/colors?id=86a6e95",
                            "mf_input_label_typography_typography": "globals\/typography?id=b2db789",
                            "mf_input_required_indicator_color": "globals\/colors?id=39e1edd",
                            "mf_input_warning_text_color": "globals\/colors?id=39e1edd",
                            "mf_input_warning_text_typography_typography": "globals\/typography?id=65f63ad",
                            "mf_input_background_color": "globals\/colors?id=6af2490",
                            "mf_input_color": "globals\/colors?id=86a6e95",
                            "mf_input_color_hover": "globals\/colors?id=86a6e95",
                            "mf_input_color_focus": "globals\/colors?id=86a6e95",
                            "mf_input_border_color": "globals\/colors?id=e7352ca",
                            "mf_input_typgraphy_typography": "globals\/typography?id=text",
                            "mf_input_place_holder_typography_typography": "globals\/typography?id=63bf0e8",
                            "mf_input_placeholder_color": "globals\/colors?id=text",
                            "mf_input_border_focus_color": "globals\/colors?id=primary"
                        },
                        "_element_width_mobile": "inherit"
                    },
                    "elements": [],
                    "isInner": false,
                    "widgetType": "mf-textarea",
                    "elType": "widget"
                },
                {
                    "id": "1ad475f2",
                    "settings": {
                        "mf_btn_text": "Send Message",
                        "mf_hidden_input": [],
                        "mf_btn_text_padding": {
                            "unit": "px",
                            "top": "12",
                            "right": "24",
                            "bottom": "12",
                            "left": "24",
                            "isLinked": false
                        },
                        "mf_btn_bg_color_background": "classic",
                        "mf_btn_bg_hover_color_background": "classic",
                        "mf_btn_border_radius": {
                            "unit": "px",
                            "top": "32",
                            "right": "32",
                            "bottom": "32",
                            "left": "32",
                            "isLinked": true
                        },
                        "mf_btn_box_shadow_group_box_shadow_type": "yes",
                        "mf_btn_box_shadow_group_box_shadow": {
                            "horizontal": 0,
                            "vertical": 0,
                            "blur": 10,
                            "spread": 0,
                            "color": "rgba(0, 0, 0, 0)"
                        },
                        "__globals__": {
                            "mf_btn_typography_typography": "globals\/typography?id=cd93fed",
                            "mf_btn_text_color": "globals\/colors?id=86a6e95",
                            "mf_btn_bg_color_color": "globals\/colors?id=primary",
                            "mf_btn_hover_color": "globals\/colors?id=86a6e95",
                            "mf_btn_bg_hover_color_color": "globals\/colors?id=f7b8ebd"
                        }
                    },
                    "elements": [],
                    "isInner": false,
                    "widgetType": "mf-button",
                    "elType": "widget"
                }
            ],
            "isInner": false,
            "elType": "container"
        }
    ]
}