{
    "version": "0.4",
    "title": "Error 404",
    "type": "section",
    "metadata": {
        "template_type": "single-404",
        "include_in_zip": "1",
        "elementor_pro_required": null,
        "wp_page_template": "elementor_canvas"
    },
    "content": [
        {
            "id": "5b5fd98d",
            "settings": {
                "min_height": {
                    "unit": "vh",
                    "size": 100,
                    "sizes": []
                },
                "min_height_tablet": {
                    "unit": "vh",
                    "size": "",
                    "sizes": []
                },
                "min_height_mobile": {
                    "unit": "vh",
                    "size": 100,
                    "sizes": []
                },
                "flex_direction": "column",
                "flex_justify_content": "center",
                "flex_align_items": "center",
                "background_background": "video",
                "background_video_link": "https:\/\/youtu.be\/kSLeRdUh8Qw",
                "background_play_on_mobile": "yes",
                "background_overlay_background": "gradient",
                "background_overlay_color_b_stop": {
                    "unit": "%",
                    "size": 200,
                    "sizes": []
                },
                "background_overlay_opacity": {
                    "unit": "px",
                    "size": 1,
                    "sizes": []
                },
                "padding": {
                    "unit": "px",
                    "top": "96",
                    "right": "0",
                    "bottom": "96",
                    "left": "0",
                    "isLinked": false
                },
                "padding_tablet": {
                    "unit": "px",
                    "top": "56",
                    "right": "0",
                    "bottom": "56",
                    "left": "0",
                    "isLinked": false
                },
                "padding_mobile": {
                    "unit": "px",
                    "top": "48",
                    "right": "0",
                    "bottom": "48",
                    "left": "0",
                    "isLinked": false
                },
                "_title": "Error 404",
                "__globals__": {
                    "background_overlay_color": "globals\/colors?id=dff80f5",
                    "background_overlay_color_b": "globals\/colors?id=accent"
                }
            },
            "elements": [
                {
                    "id": "6a313b71",
                    "settings": {
                        "content_width": "full"
                    },
                    "elements": [
                        {
                            "id": "63759d35",
                            "settings": {
                                "content_width": "full",
                                "flex_direction": "column",
                                "flex_justify_content": "center",
                                "flex_align_items": "center",
                                "padding": {
                                    "unit": "px",
                                    "top": "0",
                                    "right": "0",
                                    "bottom": "0",
                                    "left": "0",
                                    "isLinked": false
                                },
                                "__globals__": {
                                    "background_overlay_color": "globals\/colors?id=1b5e422"
                                }
                            },
                            "elements": [
                                {
                                    "id": "326676ec",
                                    "settings": {
                                        "ekit_heading_title": "{{\u2726}} ERROR 404",
                                        "ekit_heading_title_tag": "div",
                                        "ekit_heading_sub_title": "Time has changed",
                                        "ekit_heading_extra_title": "<p>A small river named Duden flows by their place and supplies it with the necessary regelialia. It is a paradise<\/p>",
                                        "show_shadow_text": "",
                                        "shadow_text_content": "bussiness",
                                        "ekit_heading_show_seperator": "",
                                        "ekit_heading_title_align": "text_center",
                                        "ekit_heading_title_margin": {
                                            "unit": "px",
                                            "top": "0",
                                            "right": "0",
                                            "bottom": "0",
                                            "left": "0",
                                            "isLinked": false
                                        },
                                        "ekit_heading_focused_title_typography_typography": "custom",
                                        "ekit_heading_focused_title_typography_font_family": "Inter",
                                        "ekit_heading_focused_title_typography_font_size": {
                                            "unit": "px",
                                            "size": 18,
                                            "sizes": []
                                        },
                                        "ekit_heading_focused_title_typography_font_weight": "400",
                                        "ekit_heading_focused_title_typography_text_transform": "none",
                                        "ekit_heading_focused_title_typography_text_decoration": "none",
                                        "ekit_heading_focused_title_typography_line_height": {
                                            "unit": "px",
                                            "size": 28,
                                            "sizes": []
                                        },
                                        "ekit_heading_focused_title_secondary_spacing": {
                                            "unit": "px",
                                            "top": "0",
                                            "right": "0",
                                            "bottom": "0",
                                            "left": "0",
                                            "isLinked": false
                                        },
                                        "ekit_heading_use_title_text_fill": "yes",
                                        "ekit_heading_title_secondary_bg_background": "gradient",
                                        "ekit_heading_title_secondary_bg_gradient_angle": {
                                            "unit": "deg",
                                            "size": 170,
                                            "sizes": []
                                        },
                                        "__globals__": {
                                            "ekit_heading_focused_title_color": "globals\/colors?id=primary",
                                            "ekit_heading_focused_title_color_hover": "globals\/colors?id=primary",
                                            "ekit_heading_title_secondary_bg_color": "globals\/colors?id=e4bd027",
                                            "ekit_heading_title_secondary_bg_color_b": "globals\/colors?id=primary",
                                            "ekit_heading_title_color": "globals\/colors?id=86a6e95",
                                            "ekit_heading_title_color_hover": "globals\/colors?id=86a6e95",
                                            "_border_color": "globals\/colors?id=e7352ca",
                                            "ekit_heading_title_typography_typography": "globals\/typography?id=accent"
                                        },
                                        "_element_custom_width": {
                                            "unit": "%",
                                            "size": 72,
                                            "sizes": []
                                        },
                                        "_padding": {
                                            "unit": "px",
                                            "top": "12",
                                            "right": "24",
                                            "bottom": "12",
                                            "left": "24",
                                            "isLinked": false
                                        },
                                        "_border_border": "solid",
                                        "_border_width": {
                                            "unit": "px",
                                            "top": "1",
                                            "right": "1",
                                            "bottom": "1",
                                            "left": "1",
                                            "isLinked": true
                                        },
                                        "_border_radius": {
                                            "unit": "px",
                                            "top": "32",
                                            "right": "32",
                                            "bottom": "32",
                                            "left": "32",
                                            "isLinked": true
                                        },
                                        "_animation": "fadeInUp"
                                    },
                                    "elements": [],
                                    "isInner": false,
                                    "widgetType": "elementskit-heading",
                                    "elType": "widget"
                                },
                                {
                                    "id": "50bd421f",
                                    "settings": {
                                        "ekit_heading_title": "{{Oops! Sorry Page Not Found Here}}",
                                        "ekit_heading_title_tag": "h1",
                                        "ekit_heading_sub_title": "Time has changed",
                                        "ekit_heading_extra_title": "<p>A small river named Duden flows by their place and supplies it with the necessary regelialia. It is a paradise<\/p>",
                                        "show_shadow_text": "",
                                        "shadow_text_content": "bussiness",
                                        "ekit_heading_show_seperator": "",
                                        "ekit_heading_title_align": "text_center",
                                        "ekit_heading_title_margin": {
                                            "unit": "px",
                                            "top": "0",
                                            "right": "0",
                                            "bottom": "0",
                                            "left": "0",
                                            "isLinked": false
                                        },
                                        "ekit_heading_focused_title_secondary_spacing": {
                                            "unit": "px",
                                            "top": "0",
                                            "right": "0",
                                            "bottom": "0",
                                            "left": "0",
                                            "isLinked": false
                                        },
                                        "ekit_heading_use_title_text_fill": "yes",
                                        "ekit_heading_title_secondary_bg_background": "gradient",
                                        "ekit_heading_title_secondary_bg_gradient_angle": {
                                            "unit": "deg",
                                            "size": 170,
                                            "sizes": []
                                        },
                                        "__globals__": {
                                            "ekit_heading_focused_title_color": "globals\/colors?id=primary",
                                            "ekit_heading_focused_title_color_hover": "globals\/colors?id=primary",
                                            "ekit_heading_title_secondary_bg_color": "globals\/colors?id=e4bd027",
                                            "ekit_heading_title_secondary_bg_color_b": "globals\/colors?id=primary",
                                            "ekit_heading_focused_title_typography_typography": "globals\/typography?id=primary"
                                        },
                                        "_element_width": "initial",
                                        "_element_custom_width": {
                                            "unit": "%",
                                            "size": 51,
                                            "sizes": []
                                        },
                                        "ekit_heading_focused_title_color": "#8B6E5D",
                                        "ekit_heading_focused_title_color_hover": "#8B6E5D",
                                        "ekit_heading_title_secondary_bg_color": "#FFFBF8",
                                        "ekit_heading_title_secondary_bg_color_b": "#8B6E5D",
                                        "_element_width_tablet": "initial",
                                        "_element_custom_width_tablet": {
                                            "unit": "%",
                                            "size": 100,
                                            "sizes": []
                                        },
                                        "_element_custom_width_mobile": {
                                            "unit": "%",
                                            "size": 100,
                                            "sizes": []
                                        },
                                        "_animation": "fadeInUp",
                                        "_animation_delay": 200
                                    },
                                    "elements": [],
                                    "isInner": false,
                                    "widgetType": "elementskit-heading",
                                    "elType": "widget"
                                },
                                {
                                    "id": "49b4959b",
                                    "settings": {
                                        "editor": "<p>The page you\u2019re looking for doesn\u2019t exist. Navigate back or explore other sections.<\/p>",
                                        "align": "center",
                                        "_margin": {
                                            "unit": "px",
                                            "top": "0",
                                            "right": "0",
                                            "bottom": "-14.4",
                                            "left": "0",
                                            "isLinked": false
                                        },
                                        "_element_width": "initial",
                                        "_element_custom_width": {
                                            "unit": "%",
                                            "size": 40,
                                            "sizes": []
                                        },
                                        "__globals__": {
                                            "text_color": "globals\/colors?id=text",
                                            "typography_typography": "globals\/typography?id=c638a61"
                                        },
                                        "_element_custom_width_tablet": {
                                            "unit": "%",
                                            "size": 70,
                                            "sizes": []
                                        },
                                        "_element_custom_width_mobile": {
                                            "unit": "%",
                                            "size": 100,
                                            "sizes": []
                                        },
                                        "_animation": "fadeInUp"
                                    },
                                    "elements": [],
                                    "isInner": false,
                                    "widgetType": "text-editor",
                                    "elType": "widget"
                                },
                                {
                                    "id": "741fc76d",
                                    "settings": {
                                        "text": "Back To Home",
                                        "icon_align": "row-reverse",
                                        "border_radius": {
                                            "unit": "px",
                                            "top": "32",
                                            "right": "32",
                                            "bottom": "32",
                                            "left": "32",
                                            "isLinked": true
                                        },
                                        "text_padding": {
                                            "unit": "px",
                                            "top": "12",
                                            "right": "24",
                                            "bottom": "12",
                                            "left": "24",
                                            "isLinked": false
                                        },
                                        "button_icon_size": {
                                            "unit": "px",
                                            "size": 16,
                                            "sizes": [],
                                            "value": ""
                                        },
                                        "__globals__": {
                                            "button_text_color": "globals\/colors?id=86a6e95",
                                            "background_color": "globals\/colors?id=primary",
                                            "hover_color": "globals\/colors?id=86a6e95",
                                            "button_background_hover_color": "globals\/colors?id=f7b8ebd",
                                            "typography_typography": "globals\/typography?id=cd93fed"
                                        },
                                        "link": {
                                            "url": "https:\/\/flex.heydenstd.com\/creastic\/template-kit\/home\/",
                                            "is_external": "",
                                            "nofollow": "",
                                            "custom_attributes": ""
                                        },
                                        "_animation": "fadeInUp"
                                    },
                                    "elements": [],
                                    "isInner": false,
                                    "widgetType": "button",
                                    "elType": "widget"
                                }
                            ],
                            "isInner": true,
                            "elType": "container"
                        }
                    ],
                    "isInner": true,
                    "elType": "container"
                }
            ],
            "isInner": false,
            "elType": "container"
        }
    ]
}