{
    "version": "0.4",
    "title": "Footer",
    "type": "section",
    "metadata": {
        "template_type": "section-footer",
        "include_in_zip": "1",
        "elementor_pro_required": null,
        "wp_page_template": "elementor_canvas"
    },
    "content": [
        {
            "id": "1c515121",
            "settings": {
                "background_background": "classic",
                "background_image": {
                    "url": "https:\/\/flex.heydenstd.com\/creastic\/wp-content\/uploads\/sites\/4\/2024\/12\/Pattern.png",
                    "id": 442,
                    "size": "",
                    "alt": "",
                    "source": "library"
                },
                "background_position": "center center",
                "background_repeat": "no-repeat",
                "background_size": "cover",
                "background_overlay_background": "gradient",
                "background_overlay_color_stop": {
                    "unit": "%",
                    "size": 75,
                    "sizes": []
                },
                "background_overlay_opacity": {
                    "unit": "px",
                    "size": 0.35,
                    "sizes": []
                },
                "padding": {
                    "unit": "px",
                    "top": "96",
                    "right": "0",
                    "bottom": "96",
                    "left": "0",
                    "isLinked": false
                },
                "_title": "Footer",
                "__globals__": {
                    "background_overlay_color_b": "globals\/colors?id=primary",
                    "background_overlay_color": "globals\/colors?id=accent"
                },
                "padding_tablet": {
                    "unit": "px",
                    "top": "56",
                    "right": "0",
                    "bottom": "56",
                    "left": "0",
                    "isLinked": false
                },
                "padding_mobile": {
                    "unit": "px",
                    "top": "48",
                    "right": "0",
                    "bottom": "48",
                    "left": "0",
                    "isLinked": false
                }
            },
            "elements": [
                {
                    "id": "467a8e90",
                    "settings": {
                        "content_width": "full",
                        "flex_direction": "row",
                        "flex_justify_content": "space-between",
                        "flex_gap": {
                            "column": "96",
                            "row": "96",
                            "isLinked": true,
                            "unit": "px",
                            "size": 96
                        },
                        "flex_wrap": "wrap",
                        "flex_direction_tablet": "column",
                        "flex_gap_tablet": {
                            "column": "56",
                            "row": "56",
                            "isLinked": true,
                            "unit": "px",
                            "size": 56
                        },
                        "flex_gap_mobile": {
                            "column": "48",
                            "row": "48",
                            "isLinked": true,
                            "unit": "px",
                            "size": 48
                        }
                    },
                    "elements": [
                        {
                            "id": "712cd839",
                            "settings": {
                                "content_width": "full",
                                "width": {
                                    "unit": "%",
                                    "size": 32,
                                    "sizes": []
                                },
                                "padding": {
                                    "unit": "px",
                                    "top": "0",
                                    "right": "0",
                                    "bottom": "0",
                                    "left": "0",
                                    "isLinked": false
                                },
                                "width_tablet": {
                                    "unit": "%",
                                    "size": 100,
                                    "sizes": []
                                },
                                "width_mobile": {
                                    "unit": "%",
                                    "size": "",
                                    "sizes": []
                                },
                                "flex_justify_content_tablet": "center",
                                "flex_align_items_tablet": "center"
                            },
                            "elements": [
                                {
                                    "id": "797ffe00",
                                    "settings": {
                                        "image": {
                                            "url": "https:\/\/flex.heydenstd.com\/creastic\/wp-content\/uploads\/sites\/4\/2024\/12\/Logo-Creastic.png",
                                            "id": 110,
                                            "size": "",
                                            "alt": "",
                                            "source": "library"
                                        },
                                        "image_size": "full",
                                        "align": "left",
                                        "width": {
                                            "unit": "px",
                                            "size": 200,
                                            "sizes": []
                                        },
                                        "width_tablet": {
                                            "unit": "px",
                                            "size": "",
                                            "sizes": []
                                        },
                                        "width_mobile": {
                                            "unit": "px",
                                            "size": "",
                                            "sizes": []
                                        }
                                    },
                                    "elements": [],
                                    "isInner": false,
                                    "widgetType": "image",
                                    "elType": "widget"
                                },
                                {
                                    "id": "2a0b08f1",
                                    "settings": {
                                        "editor": "<p>Creastic is a creative digital agency specializing in innovative solutions for branding, web design, and marketing.<\/p>",
                                        "align": "left",
                                        "_margin": {
                                            "unit": "px",
                                            "top": "0",
                                            "right": "0",
                                            "bottom": "-14.4",
                                            "left": "0",
                                            "isLinked": false
                                        },
                                        "__globals__": {
                                            "typography_typography": "globals\/typography?id=c638a61",
                                            "text_color": "globals\/colors?id=4c1cdcf"
                                        },
                                        "align_tablet": "center",
                                        "_element_width_tablet": "initial",
                                        "_element_custom_width_tablet": {
                                            "unit": "%",
                                            "size": 79,
                                            "sizes": []
                                        },
                                        "_element_custom_width_mobile": {
                                            "unit": "%",
                                            "size": 100,
                                            "sizes": []
                                        }
                                    },
                                    "elements": [],
                                    "isInner": false,
                                    "widgetType": "text-editor",
                                    "elType": "widget"
                                }
                            ],
                            "isInner": true,
                            "elType": "container"
                        },
                        {
                            "id": "4495aeca",
                            "settings": {
                                "content_width": "full",
                                "width": {
                                    "unit": "%",
                                    "size": 41,
                                    "sizes": []
                                },
                                "flex_direction": "row",
                                "flex_gap": {
                                    "column": "64",
                                    "row": "64",
                                    "isLinked": true,
                                    "unit": "px",
                                    "size": 64
                                },
                                "padding": {
                                    "unit": "px",
                                    "top": "0",
                                    "right": "0",
                                    "bottom": "0",
                                    "left": "0",
                                    "isLinked": false
                                },
                                "width_tablet": {
                                    "unit": "%",
                                    "size": 100,
                                    "sizes": []
                                },
                                "width_mobile": {
                                    "unit": "%",
                                    "size": "",
                                    "sizes": []
                                },
                                "flex_justify_content_tablet": "center",
                                "flex_gap_mobile": {
                                    "column": "24",
                                    "row": "24",
                                    "isLinked": true,
                                    "unit": "px",
                                    "size": 24
                                }
                            },
                            "elements": [
                                {
                                    "id": "7d3602db",
                                    "settings": {
                                        "content_width": "full",
                                        "padding": {
                                            "unit": "px",
                                            "top": "0",
                                            "right": "0",
                                            "bottom": "0",
                                            "left": "0",
                                            "isLinked": false
                                        },
                                        "flex_justify_content_tablet": "center",
                                        "flex_align_items_tablet": "center"
                                    },
                                    "elements": [
                                        {
                                            "id": "2d08c903",
                                            "settings": {
                                                "title": "Overview",
                                                "header_size": "h6",
                                                "__globals__": {
                                                    "title_color": "globals\/colors?id=86a6e95",
                                                    "typography_typography": "globals\/typography?id=ce1a599"
                                                }
                                            },
                                            "elements": [],
                                            "isInner": false,
                                            "widgetType": "heading",
                                            "elType": "widget"
                                        },
                                        {
                                            "id": "307a6738",
                                            "settings": {
                                                "icon_list": [
                                                    {
                                                        "text": "What We Do",
                                                        "selected_icon": {
                                                            "value": "",
                                                            "library": ""
                                                        },
                                                        "_id": "e595d59"
                                                    },
                                                    {
                                                        "text": "Services Set",
                                                        "selected_icon": {
                                                            "value": "",
                                                            "library": ""
                                                        },
                                                        "_id": "1c6e0f9"
                                                    },
                                                    {
                                                        "text": "Career",
                                                        "selected_icon": {
                                                            "value": "",
                                                            "library": ""
                                                        },
                                                        "_id": "44badf2"
                                                    },
                                                    {
                                                        "text": "Our Work",
                                                        "selected_icon": {
                                                            "value": "",
                                                            "library": ""
                                                        },
                                                        "_id": "045860b"
                                                    }
                                                ],
                                                "space_between": {
                                                    "unit": "px",
                                                    "size": 12,
                                                    "sizes": []
                                                },
                                                "icon_size": {
                                                    "unit": "px",
                                                    "size": 16,
                                                    "sizes": []
                                                },
                                                "__globals__": {
                                                    "icon_typography_typography": "globals\/typography?id=text",
                                                    "text_color": "globals\/colors?id=text",
                                                    "icon_color": "globals\/colors?id=primary"
                                                },
                                                "icon_align_tablet": "center"
                                            },
                                            "elements": [],
                                            "isInner": false,
                                            "widgetType": "icon-list",
                                            "elType": "widget"
                                        }
                                    ],
                                    "isInner": true,
                                    "elType": "container"
                                },
                                {
                                    "id": "7de4e927",
                                    "settings": {
                                        "content_width": "full",
                                        "padding": {
                                            "unit": "px",
                                            "top": "0",
                                            "right": "0",
                                            "bottom": "0",
                                            "left": "0",
                                            "isLinked": false
                                        },
                                        "flex_justify_content_tablet": "center",
                                        "flex_align_items_tablet": "center"
                                    },
                                    "elements": [
                                        {
                                            "id": "2f8220be",
                                            "settings": {
                                                "title": "Company",
                                                "header_size": "h6",
                                                "__globals__": {
                                                    "title_color": "globals\/colors?id=86a6e95",
                                                    "typography_typography": "globals\/typography?id=ce1a599"
                                                }
                                            },
                                            "elements": [],
                                            "isInner": false,
                                            "widgetType": "heading",
                                            "elType": "widget"
                                        },
                                        {
                                            "id": "76a43aae",
                                            "settings": {
                                                "icon_list": [
                                                    {
                                                        "text": "About Us",
                                                        "selected_icon": {
                                                            "value": "",
                                                            "library": ""
                                                        },
                                                        "_id": "e595d59"
                                                    },
                                                    {
                                                        "text": "Contact Us",
                                                        "selected_icon": {
                                                            "value": "",
                                                            "library": ""
                                                        },
                                                        "_id": "44badf2"
                                                    },
                                                    {
                                                        "text": "Blog",
                                                        "selected_icon": {
                                                            "value": "",
                                                            "library": ""
                                                        },
                                                        "_id": "1c6e0f9"
                                                    },
                                                    {
                                                        "text": "Portfolio",
                                                        "selected_icon": {
                                                            "value": "",
                                                            "library": ""
                                                        },
                                                        "_id": "045860b"
                                                    }
                                                ],
                                                "space_between": {
                                                    "unit": "px",
                                                    "size": 12,
                                                    "sizes": []
                                                },
                                                "icon_size": {
                                                    "unit": "px",
                                                    "size": 16,
                                                    "sizes": []
                                                },
                                                "__globals__": {
                                                    "icon_typography_typography": "globals\/typography?id=text",
                                                    "text_color": "globals\/colors?id=text",
                                                    "icon_color": "globals\/colors?id=primary"
                                                },
                                                "icon_align_tablet": "center"
                                            },
                                            "elements": [],
                                            "isInner": false,
                                            "widgetType": "icon-list",
                                            "elType": "widget"
                                        }
                                    ],
                                    "isInner": true,
                                    "elType": "container"
                                },
                                {
                                    "id": "1785162f",
                                    "settings": {
                                        "content_width": "full",
                                        "padding": {
                                            "unit": "px",
                                            "top": "0",
                                            "right": "0",
                                            "bottom": "0",
                                            "left": "0",
                                            "isLinked": false
                                        },
                                        "flex_justify_content_tablet": "center",
                                        "flex_align_items_tablet": "center"
                                    },
                                    "elements": [
                                        {
                                            "id": "2da930c2",
                                            "settings": {
                                                "title": "Resources",
                                                "header_size": "h6",
                                                "__globals__": {
                                                    "title_color": "globals\/colors?id=86a6e95",
                                                    "typography_typography": "globals\/typography?id=ce1a599"
                                                }
                                            },
                                            "elements": [],
                                            "isInner": false,
                                            "widgetType": "heading",
                                            "elType": "widget"
                                        },
                                        {
                                            "id": "4768473",
                                            "settings": {
                                                "icon_list": [
                                                    {
                                                        "text": "Contact Sales",
                                                        "selected_icon": {
                                                            "value": "",
                                                            "library": ""
                                                        },
                                                        "_id": "e595d59"
                                                    },
                                                    {
                                                        "text": "Support Center",
                                                        "selected_icon": {
                                                            "value": "",
                                                            "library": ""
                                                        },
                                                        "_id": "44badf2"
                                                    },
                                                    {
                                                        "text": "App Marketplace",
                                                        "selected_icon": {
                                                            "value": "",
                                                            "library": ""
                                                        },
                                                        "_id": "1c6e0f9"
                                                    },
                                                    {
                                                        "text": "Term of Services",
                                                        "selected_icon": {
                                                            "value": "",
                                                            "library": ""
                                                        },
                                                        "_id": "045860b"
                                                    }
                                                ],
                                                "space_between": {
                                                    "unit": "px",
                                                    "size": 12,
                                                    "sizes": []
                                                },
                                                "icon_size": {
                                                    "unit": "px",
                                                    "size": 16,
                                                    "sizes": []
                                                },
                                                "__globals__": {
                                                    "icon_typography_typography": "globals\/typography?id=text",
                                                    "text_color": "globals\/colors?id=text",
                                                    "icon_color": "globals\/colors?id=primary"
                                                },
                                                "icon_align_tablet": "center"
                                            },
                                            "elements": [],
                                            "isInner": false,
                                            "widgetType": "icon-list",
                                            "elType": "widget"
                                        }
                                    ],
                                    "isInner": true,
                                    "elType": "container"
                                }
                            ],
                            "isInner": true,
                            "elType": "container"
                        },
                        {
                            "id": "240d2938",
                            "settings": {
                                "content_width": "full",
                                "width": {
                                    "unit": "%",
                                    "size": 100,
                                    "sizes": []
                                },
                                "flex_direction": "row",
                                "flex_justify_content": "space-between",
                                "padding": {
                                    "unit": "px",
                                    "top": "0",
                                    "right": "0",
                                    "bottom": "0",
                                    "left": "0",
                                    "isLinked": false
                                },
                                "flex_direction_tablet": "column",
                                "flex_justify_content_tablet": "center",
                                "flex_align_items_tablet": "center",
                                "flex_gap_tablet": {
                                    "column": "24",
                                    "row": "24",
                                    "isLinked": true,
                                    "unit": "px",
                                    "size": 24
                                }
                            },
                            "elements": [
                                {
                                    "id": "143e69a",
                                    "settings": {
                                        "editor": "<p>\u00a9 2024 Creastic. Designed by <a href=\"https:\/\/themeforest.net\/user\/heydenstudio\/portfolio\">Heyden Studio<\/a><\/p>",
                                        "align": "left",
                                        "_margin": {
                                            "unit": "px",
                                            "top": "0",
                                            "right": "0",
                                            "bottom": "-14.4",
                                            "left": "0",
                                            "isLinked": false
                                        },
                                        "__globals__": {
                                            "typography_typography": "globals\/typography?id=text",
                                            "text_color": "globals\/colors?id=text"
                                        },
                                        "align_tablet": "center"
                                    },
                                    "elements": [],
                                    "isInner": false,
                                    "widgetType": "text-editor",
                                    "elType": "widget"
                                },
                                {
                                    "id": "2e0f8ec2",
                                    "settings": {
                                        "content_width": "full",
                                        "width": {
                                            "unit": "%",
                                            "size": 27,
                                            "sizes": []
                                        },
                                        "flex_direction": "row",
                                        "flex_justify_content": "space-between",
                                        "flex_align_items": "center",
                                        "flex_gap": {
                                            "column": "8",
                                            "row": "8",
                                            "isLinked": true,
                                            "unit": "px",
                                            "size": 8
                                        },
                                        "padding": {
                                            "unit": "px",
                                            "top": "0",
                                            "right": "0",
                                            "bottom": "0",
                                            "left": "0",
                                            "isLinked": false
                                        },
                                        "width_tablet": {
                                            "unit": "%",
                                            "size": 100,
                                            "sizes": []
                                        },
                                        "width_mobile": {
                                            "unit": "%",
                                            "size": "",
                                            "sizes": []
                                        },
                                        "flex_justify_content_tablet": "center"
                                    },
                                    "elements": [
                                        {
                                            "id": "676175de",
                                            "settings": {
                                                "title": "Follow Us :",
                                                "header_size": "div",
                                                "__globals__": {
                                                    "title_color": "globals\/colors?id=text",
                                                    "typography_typography": "globals\/typography?id=text"
                                                },
                                                "align": "left"
                                            },
                                            "elements": [],
                                            "isInner": false,
                                            "widgetType": "heading",
                                            "elType": "widget"
                                        },
                                        {
                                            "id": "3a4be397",
                                            "settings": {
                                                "social_icon_list": [
                                                    {
                                                        "social_icon": {
                                                            "value": "fab fa-facebook",
                                                            "library": "fa-brands"
                                                        },
                                                        "_id": "d297829"
                                                    },
                                                    {
                                                        "social_icon": {
                                                            "value": "icon icon-instagram-1",
                                                            "library": "ekiticons"
                                                        },
                                                        "_id": "f9369bc"
                                                    },
                                                    {
                                                        "social_icon": {
                                                            "value": "fab fa-x-twitter",
                                                            "library": "fa-brands"
                                                        },
                                                        "_id": "02d2ad1"
                                                    },
                                                    {
                                                        "social_icon": {
                                                            "value": "fab fa-linkedin",
                                                            "library": "fa-brands"
                                                        },
                                                        "_id": "d3fa14b"
                                                    },
                                                    {
                                                        "social_icon": {
                                                            "value": "fab fa-tiktok",
                                                            "library": "fa-brands"
                                                        },
                                                        "_id": "84653ed"
                                                    }
                                                ],
                                                "icon_color": "custom",
                                                "icon_size": {
                                                    "unit": "px",
                                                    "size": 16,
                                                    "sizes": []
                                                },
                                                "icon_padding": {
                                                    "unit": "px",
                                                    "size": 12,
                                                    "sizes": []
                                                },
                                                "icon_padding_tablet": {
                                                    "unit": "px",
                                                    "size": "",
                                                    "sizes": []
                                                },
                                                "icon_padding_mobile": {
                                                    "unit": "px",
                                                    "size": "",
                                                    "sizes": []
                                                },
                                                "icon_spacing": {
                                                    "unit": "px",
                                                    "size": 12,
                                                    "sizes": []
                                                },
                                                "image_border_border": "solid",
                                                "image_border_width": {
                                                    "unit": "px",
                                                    "top": "1",
                                                    "right": "1",
                                                    "bottom": "1",
                                                    "left": "1",
                                                    "isLinked": true
                                                },
                                                "border_radius": {
                                                    "unit": "%",
                                                    "top": "100",
                                                    "right": "100",
                                                    "bottom": "100",
                                                    "left": "100",
                                                    "isLinked": true
                                                },
                                                "border_radius_tablet": {
                                                    "unit": "%",
                                                    "top": "",
                                                    "right": "",
                                                    "bottom": "",
                                                    "left": "",
                                                    "isLinked": true
                                                },
                                                "border_radius_mobile": {
                                                    "unit": "%",
                                                    "top": "",
                                                    "right": "",
                                                    "bottom": "",
                                                    "left": "",
                                                    "isLinked": true
                                                },
                                                "__globals__": {
                                                    "icon_primary_color": "globals\/colors?id=6af2490",
                                                    "icon_secondary_color": "globals\/colors?id=baabda6",
                                                    "image_border_color": "globals\/colors?id=e7352ca"
                                                }
                                            },
                                            "elements": [],
                                            "isInner": false,
                                            "widgetType": "social-icons",
                                            "elType": "widget"
                                        }
                                    ],
                                    "isInner": true,
                                    "elType": "container"
                                }
                            ],
                            "isInner": true,
                            "elType": "container"
                        }
                    ],
                    "isInner": true,
                    "elType": "container"
                }
            ],
            "isInner": false,
            "elType": "container"
        }
    ]
}