{
    "version": "0.4",
    "title": "General Form",
    "type": "section",
    "metadata": {
        "template_type": "section-other",
        "include_in_zip": "1",
        "elementor_pro_required": null,
        "wp_page_template": "elementor_canvas"
    },
    "content": [
        {
            "id": "63c71545",
            "settings": {
                "flex_direction": "row",
                "flex_justify_content": "space-between",
                "flex_align_items": "center",
                "flex_gap": {
                    "column": "32",
                    "row": "32",
                    "isLinked": true,
                    "unit": "px",
                    "size": 32
                },
                "flex_wrap": "wrap",
                "padding": {
                    "unit": "px",
                    "top": "0",
                    "right": "0",
                    "bottom": "0",
                    "left": "0",
                    "isLinked": false
                },
                "_title": "General Form"
            },
            "elements": [
                {
                    "id": "75be30c2",
                    "settings": {
                        "mf_input_label": "Full Name",
                        "mf_input_name": "mf-text",
                        "mf_input_placeholder": "e.g. Jane Smith",
                        "mf_input_required": "yes",
                        "mf_input_validation_warning_message": "This field is required.",
                        "mf_input_label_color": "#FCFCFC",
                        "mf_input_label_typography_typography": "custom",
                        "mf_input_label_typography_font_family": "Inter",
                        "mf_input_label_typography_font_size": {
                            "unit": "px",
                            "size": 15,
                            "sizes": []
                        },
                        "mf_input_label_typography_font_weight": "400",
                        "mf_input_label_typography_text_transform": "none",
                        "mf_input_label_typography_text_decoration": "none",
                        "mf_input_label_typography_line_height": {
                            "unit": "px",
                            "size": 25,
                            "sizes": []
                        },
                        "mf_input_label_padding": {
                            "unit": "px",
                            "top": "0",
                            "right": "0",
                            "bottom": "0",
                            "left": "0",
                            "isLinked": false
                        },
                        "mf_input_label_margin": {
                            "unit": "px",
                            "top": "0",
                            "right": "0",
                            "bottom": "12",
                            "left": "0",
                            "isLinked": false
                        },
                        "mf_input_warning_text_typography_typography": "custom",
                        "mf_input_warning_text_typography_font_family": "Inter",
                        "mf_input_warning_text_typography_font_size": {
                            "unit": "px",
                            "size": 14,
                            "sizes": []
                        },
                        "mf_input_warning_text_typography_font_weight": "400",
                        "mf_input_warning_text_typography_text_transform": "none",
                        "mf_input_warning_text_typography_text_decoration": "none",
                        "mf_input_warning_text_typography_line_height": {
                            "unit": "px",
                            "size": 24,
                            "sizes": []
                        },
                        "mf_input_padding": {
                            "unit": "px",
                            "top": "16",
                            "right": "16",
                            "bottom": "16",
                            "left": "16",
                            "isLinked": true
                        },
                        "mf_input_margin": {
                            "unit": "px",
                            "top": "0",
                            "right": "0",
                            "bottom": "0",
                            "left": "0",
                            "isLinked": false
                        },
                        "mf_input_color": "#FCFCFC",
                        "mf_input_background_background": "classic",
                        "mf_input_background_color": "#61CE7000",
                        "mf_input_border_border": "solid",
                        "mf_input_border_width": {
                            "unit": "px",
                            "top": "1",
                            "right": "1",
                            "bottom": "1",
                            "left": "1",
                            "isLinked": true
                        },
                        "mf_input_border_color": "#2F2F2F",
                        "mf_input_color_hover": "#FCFCFC",
                        "mf_input_color_focus": "#FCFCFC",
                        "mf_input_border_focus_border": "solid",
                        "mf_input_border_focus_width": {
                            "unit": "px",
                            "top": "1",
                            "right": "1",
                            "bottom": "1",
                            "left": "1",
                            "isLinked": true
                        },
                        "mf_input_typgraphy_typography": "custom",
                        "mf_input_typgraphy_font_family": "Inter",
                        "mf_input_typgraphy_font_size": {
                            "unit": "px",
                            "size": 16,
                            "sizes": []
                        },
                        "mf_input_typgraphy_font_weight": "400",
                        "mf_input_typgraphy_text_transform": "none",
                        "mf_input_typgraphy_text_decoration": "none",
                        "mf_input_typgraphy_line_height": {
                            "unit": "px",
                            "size": 26,
                            "sizes": []
                        },
                        "mf_input_border_radius": {
                            "unit": "px",
                            "size": 8,
                            "sizes": []
                        },
                        "_element_width": "initial",
                        "_element_custom_width": {
                            "unit": "custom",
                            "size": "calc(50% - 16px)",
                            "sizes": []
                        },
                        "_element_custom_width_tablet": {
                            "unit": "custom",
                            "size": "",
                            "sizes": []
                        },
                        "_element_custom_width_mobile": {
                            "unit": "custom",
                            "size": "",
                            "sizes": []
                        },
                        "__globals__": {
                            "mf_input_label_color": "globals\/colors?id=86a6e95",
                            "mf_input_label_typography_typography": "globals\/typography?id=b2db789",
                            "mf_input_required_indicator_color": "globals\/colors?id=39e1edd",
                            "mf_input_warning_text_color": "globals\/colors?id=39e1edd",
                            "mf_input_warning_text_typography_typography": "globals\/typography?id=65f63ad",
                            "mf_input_background_color": "globals\/colors?id=accent",
                            "mf_input_color": "globals\/colors?id=86a6e95",
                            "mf_input_color_hover": "globals\/colors?id=86a6e95",
                            "mf_input_color_focus": "globals\/colors?id=86a6e95",
                            "mf_input_border_color": "globals\/colors?id=e7352ca",
                            "mf_input_typgraphy_typography": "globals\/typography?id=text",
                            "mf_input_place_holder_typography_typography": "globals\/typography?id=63bf0e8",
                            "mf_input_placeholder_color": "globals\/colors?id=text",
                            "mf_input_border_focus_color": "globals\/colors?id=primary"
                        },
                        "_element_width_mobile": "inherit"
                    },
                    "elements": [],
                    "isInner": false,
                    "widgetType": "mf-text",
                    "elType": "widget"
                },
                {
                    "id": "36d26383",
                    "settings": {
                        "mf_input_label": "Email",
                        "mf_input_name": "mf-email",
                        "mf_input_placeholder": "e.g. hello@heydenstd.com",
                        "mf_input_required": "yes",
                        "mf_input_validation_warning_message": "This field is required.",
                        "mf_input_label_color": "#FCFCFC",
                        "mf_input_label_typography_typography": "custom",
                        "mf_input_label_typography_font_family": "Inter",
                        "mf_input_label_typography_font_size": {
                            "unit": "px",
                            "size": 15,
                            "sizes": []
                        },
                        "mf_input_label_typography_font_weight": "400",
                        "mf_input_label_typography_text_transform": "none",
                        "mf_input_label_typography_text_decoration": "none",
                        "mf_input_label_typography_line_height": {
                            "unit": "px",
                            "size": 25,
                            "sizes": []
                        },
                        "mf_input_label_padding": {
                            "unit": "px",
                            "top": "0",
                            "right": "0",
                            "bottom": "0",
                            "left": "0",
                            "isLinked": false
                        },
                        "mf_input_label_margin": {
                            "unit": "px",
                            "top": "0",
                            "right": "0",
                            "bottom": "12",
                            "left": "0",
                            "isLinked": false
                        },
                        "mf_input_warning_text_typography_typography": "custom",
                        "mf_input_warning_text_typography_font_family": "Inter",
                        "mf_input_warning_text_typography_font_size": {
                            "unit": "px",
                            "size": 14,
                            "sizes": []
                        },
                        "mf_input_warning_text_typography_font_weight": "400",
                        "mf_input_warning_text_typography_text_transform": "none",
                        "mf_input_warning_text_typography_text_decoration": "none",
                        "mf_input_warning_text_typography_line_height": {
                            "unit": "px",
                            "size": 24,
                            "sizes": []
                        },
                        "mf_input_padding": {
                            "unit": "px",
                            "top": "16",
                            "right": "16",
                            "bottom": "16",
                            "left": "16",
                            "isLinked": true
                        },
                        "mf_input_margin": {
                            "unit": "px",
                            "top": "0",
                            "right": "0",
                            "bottom": "0",
                            "left": "0",
                            "isLinked": false
                        },
                        "mf_input_color": "#FCFCFC",
                        "mf_input_background_background": "classic",
                        "mf_input_background_color": "#61CE7000",
                        "mf_input_border_border": "solid",
                        "mf_input_border_width": {
                            "unit": "px",
                            "top": "1",
                            "right": "1",
                            "bottom": "1",
                            "left": "1",
                            "isLinked": true
                        },
                        "mf_input_border_color": "#2F2F2F",
                        "mf_input_color_hover": "#FCFCFC",
                        "mf_input_color_focus": "#FCFCFC",
                        "mf_input_border_focus_border": "solid",
                        "mf_input_border_focus_width": {
                            "unit": "px",
                            "top": "1",
                            "right": "1",
                            "bottom": "1",
                            "left": "1",
                            "isLinked": true
                        },
                        "mf_input_typgraphy_typography": "custom",
                        "mf_input_typgraphy_font_family": "Inter",
                        "mf_input_typgraphy_font_size": {
                            "unit": "px",
                            "size": 16,
                            "sizes": []
                        },
                        "mf_input_typgraphy_font_weight": "400",
                        "mf_input_typgraphy_text_transform": "none",
                        "mf_input_typgraphy_text_decoration": "none",
                        "mf_input_typgraphy_line_height": {
                            "unit": "px",
                            "size": 26,
                            "sizes": []
                        },
                        "mf_input_border_radius": {
                            "unit": "px",
                            "size": 8,
                            "sizes": []
                        },
                        "_element_width": "initial",
                        "_element_custom_width": {
                            "unit": "custom",
                            "size": "calc(50% - 16px)",
                            "sizes": []
                        },
                        "_element_custom_width_tablet": {
                            "unit": "custom",
                            "size": "",
                            "sizes": []
                        },
                        "_element_custom_width_mobile": {
                            "unit": "custom",
                            "size": "",
                            "sizes": []
                        },
                        "__globals__": {
                            "mf_input_label_color": "globals\/colors?id=86a6e95",
                            "mf_input_label_typography_typography": "globals\/typography?id=b2db789",
                            "mf_input_required_indicator_color": "globals\/colors?id=39e1edd",
                            "mf_input_warning_text_color": "globals\/colors?id=39e1edd",
                            "mf_input_warning_text_typography_typography": "globals\/typography?id=65f63ad",
                            "mf_input_background_color": "globals\/colors?id=accent",
                            "mf_input_color": "globals\/colors?id=86a6e95",
                            "mf_input_color_hover": "globals\/colors?id=86a6e95",
                            "mf_input_color_focus": "globals\/colors?id=86a6e95",
                            "mf_input_border_color": "globals\/colors?id=e7352ca",
                            "mf_input_typgraphy_typography": "globals\/typography?id=text",
                            "mf_input_place_holder_typography_typography": "globals\/typography?id=63bf0e8",
                            "mf_input_placeholder_color": "globals\/colors?id=text",
                            "mf_input_border_focus_color": "globals\/colors?id=primary"
                        },
                        "_element_width_mobile": "inherit"
                    },
                    "elements": [],
                    "isInner": false,
                    "widgetType": "mf-email",
                    "elType": "widget"
                },
                {
                    "id": "73b7a708",
                    "settings": {
                        "mf_input_label": "Phone",
                        "mf_input_name": "mf-telephone",
                        "mf_input_placeholder": "e.g. (+62) 123 456 7890",
                        "mf_input_required": "yes",
                        "mf_input_validation_warning_message": "This field is required.",
                        "mf_input_label_color": "#FCFCFC",
                        "mf_input_label_typography_typography": "custom",
                        "mf_input_label_typography_font_family": "Inter",
                        "mf_input_label_typography_font_size": {
                            "unit": "px",
                            "size": 15,
                            "sizes": []
                        },
                        "mf_input_label_typography_font_weight": "400",
                        "mf_input_label_typography_text_transform": "none",
                        "mf_input_label_typography_text_decoration": "none",
                        "mf_input_label_typography_line_height": {
                            "unit": "px",
                            "size": 25,
                            "sizes": []
                        },
                        "mf_input_label_padding": {
                            "unit": "px",
                            "top": "0",
                            "right": "0",
                            "bottom": "0",
                            "left": "0",
                            "isLinked": false
                        },
                        "mf_input_label_margin": {
                            "unit": "px",
                            "top": "0",
                            "right": "0",
                            "bottom": "12",
                            "left": "0",
                            "isLinked": false
                        },
                        "mf_input_warning_text_typography_typography": "custom",
                        "mf_input_warning_text_typography_font_family": "Inter",
                        "mf_input_warning_text_typography_font_size": {
                            "unit": "px",
                            "size": 14,
                            "sizes": []
                        },
                        "mf_input_warning_text_typography_font_weight": "400",
                        "mf_input_warning_text_typography_text_transform": "none",
                        "mf_input_warning_text_typography_text_decoration": "none",
                        "mf_input_warning_text_typography_line_height": {
                            "unit": "px",
                            "size": 24,
                            "sizes": []
                        },
                        "mf_input_padding": {
                            "unit": "px",
                            "top": "16",
                            "right": "16",
                            "bottom": "16",
                            "left": "16",
                            "isLinked": true
                        },
                        "mf_input_margin": {
                            "unit": "px",
                            "top": "0",
                            "right": "0",
                            "bottom": "0",
                            "left": "0",
                            "isLinked": false
                        },
                        "mf_input_color": "#FCFCFC",
                        "mf_input_background_background": "classic",
                        "mf_input_background_color": "#61CE7000",
                        "mf_input_border_border": "solid",
                        "mf_input_border_width": {
                            "unit": "px",
                            "top": "1",
                            "right": "1",
                            "bottom": "1",
                            "left": "1",
                            "isLinked": true
                        },
                        "mf_input_border_color": "#2F2F2F",
                        "mf_input_color_hover": "#FCFCFC",
                        "mf_input_color_focus": "#FCFCFC",
                        "mf_input_border_focus_border": "solid",
                        "mf_input_border_focus_width": {
                            "unit": "px",
                            "top": "1",
                            "right": "1",
                            "bottom": "1",
                            "left": "1",
                            "isLinked": true
                        },
                        "mf_input_typgraphy_typography": "custom",
                        "mf_input_typgraphy_font_family": "Inter",
                        "mf_input_typgraphy_font_size": {
                            "unit": "px",
                            "size": 16,
                            "sizes": []
                        },
                        "mf_input_typgraphy_font_weight": "400",
                        "mf_input_typgraphy_text_transform": "none",
                        "mf_input_typgraphy_text_decoration": "none",
                        "mf_input_typgraphy_line_height": {
                            "unit": "px",
                            "size": 26,
                            "sizes": []
                        },
                        "mf_input_border_radius": {
                            "unit": "px",
                            "size": 8,
                            "sizes": []
                        },
                        "_element_width": "initial",
                        "_element_custom_width": {
                            "unit": "custom",
                            "size": "calc(50% - 16px)",
                            "sizes": []
                        },
                        "_element_custom_width_tablet": {
                            "unit": "custom",
                            "size": "",
                            "sizes": []
                        },
                        "_element_custom_width_mobile": {
                            "unit": "custom",
                            "size": "",
                            "sizes": []
                        },
                        "__globals__": {
                            "mf_input_label_color": "globals\/colors?id=86a6e95",
                            "mf_input_label_typography_typography": "globals\/typography?id=b2db789",
                            "mf_input_required_indicator_color": "globals\/colors?id=39e1edd",
                            "mf_input_warning_text_color": "globals\/colors?id=39e1edd",
                            "mf_input_warning_text_typography_typography": "globals\/typography?id=65f63ad",
                            "mf_input_background_color": "globals\/colors?id=accent",
                            "mf_input_color": "globals\/colors?id=86a6e95",
                            "mf_input_color_hover": "globals\/colors?id=86a6e95",
                            "mf_input_color_focus": "globals\/colors?id=86a6e95",
                            "mf_input_border_color": "globals\/colors?id=e7352ca",
                            "mf_input_typgraphy_typography": "globals\/typography?id=text",
                            "mf_input_place_holder_typography_typography": "globals\/typography?id=63bf0e8",
                            "mf_input_placeholder_color": "globals\/colors?id=text",
                            "mf_input_border_focus_color": "globals\/colors?id=primary"
                        },
                        "_element_width_mobile": "inherit"
                    },
                    "elements": [],
                    "isInner": false,
                    "widgetType": "mf-telephone",
                    "elType": "widget"
                },
                {
                    "id": "6c7a051",
                    "settings": {
                        "mf_input_label": "Your Company?",
                        "mf_input_name": "mf-text",
                        "mf_input_placeholder": "e.g. Heyden Studio",
                        "mf_input_required": "yes",
                        "mf_input_validation_warning_message": "This field is required.",
                        "mf_input_label_color": "#FCFCFC",
                        "mf_input_label_typography_typography": "custom",
                        "mf_input_label_typography_font_family": "Inter",
                        "mf_input_label_typography_font_size": {
                            "unit": "px",
                            "size": 15,
                            "sizes": []
                        },
                        "mf_input_label_typography_font_weight": "400",
                        "mf_input_label_typography_text_transform": "none",
                        "mf_input_label_typography_text_decoration": "none",
                        "mf_input_label_typography_line_height": {
                            "unit": "px",
                            "size": 25,
                            "sizes": []
                        },
                        "mf_input_label_padding": {
                            "unit": "px",
                            "top": "0",
                            "right": "0",
                            "bottom": "0",
                            "left": "0",
                            "isLinked": false
                        },
                        "mf_input_label_margin": {
                            "unit": "px",
                            "top": "0",
                            "right": "0",
                            "bottom": "12",
                            "left": "0",
                            "isLinked": false
                        },
                        "mf_input_warning_text_typography_typography": "custom",
                        "mf_input_warning_text_typography_font_family": "Inter",
                        "mf_input_warning_text_typography_font_size": {
                            "unit": "px",
                            "size": 14,
                            "sizes": []
                        },
                        "mf_input_warning_text_typography_font_weight": "400",
                        "mf_input_warning_text_typography_text_transform": "none",
                        "mf_input_warning_text_typography_text_decoration": "none",
                        "mf_input_warning_text_typography_line_height": {
                            "unit": "px",
                            "size": 24,
                            "sizes": []
                        },
                        "mf_input_padding": {
                            "unit": "px",
                            "top": "16",
                            "right": "16",
                            "bottom": "16",
                            "left": "16",
                            "isLinked": true
                        },
                        "mf_input_margin": {
                            "unit": "px",
                            "top": "0",
                            "right": "0",
                            "bottom": "0",
                            "left": "0",
                            "isLinked": false
                        },
                        "mf_input_color": "#FCFCFC",
                        "mf_input_background_background": "classic",
                        "mf_input_background_color": "#61CE7000",
                        "mf_input_border_border": "solid",
                        "mf_input_border_width": {
                            "unit": "px",
                            "top": "1",
                            "right": "1",
                            "bottom": "1",
                            "left": "1",
                            "isLinked": true
                        },
                        "mf_input_border_color": "#2F2F2F",
                        "mf_input_color_hover": "#FCFCFC",
                        "mf_input_color_focus": "#FCFCFC",
                        "mf_input_border_focus_border": "solid",
                        "mf_input_border_focus_width": {
                            "unit": "px",
                            "top": "1",
                            "right": "1",
                            "bottom": "1",
                            "left": "1",
                            "isLinked": true
                        },
                        "mf_input_typgraphy_typography": "custom",
                        "mf_input_typgraphy_font_family": "Inter",
                        "mf_input_typgraphy_font_size": {
                            "unit": "px",
                            "size": 16,
                            "sizes": []
                        },
                        "mf_input_typgraphy_font_weight": "400",
                        "mf_input_typgraphy_text_transform": "none",
                        "mf_input_typgraphy_text_decoration": "none",
                        "mf_input_typgraphy_line_height": {
                            "unit": "px",
                            "size": 26,
                            "sizes": []
                        },
                        "mf_input_border_radius": {
                            "unit": "px",
                            "size": 8,
                            "sizes": []
                        },
                        "_element_width": "initial",
                        "_element_custom_width": {
                            "unit": "custom",
                            "size": "calc(50% - 16px)",
                            "sizes": []
                        },
                        "_element_custom_width_tablet": {
                            "unit": "custom",
                            "size": "",
                            "sizes": []
                        },
                        "_element_custom_width_mobile": {
                            "unit": "custom",
                            "size": "",
                            "sizes": []
                        },
                        "__globals__": {
                            "mf_input_label_color": "globals\/colors?id=86a6e95",
                            "mf_input_label_typography_typography": "globals\/typography?id=b2db789",
                            "mf_input_required_indicator_color": "globals\/colors?id=39e1edd",
                            "mf_input_warning_text_color": "globals\/colors?id=39e1edd",
                            "mf_input_warning_text_typography_typography": "globals\/typography?id=65f63ad",
                            "mf_input_background_color": "globals\/colors?id=accent",
                            "mf_input_color": "globals\/colors?id=86a6e95",
                            "mf_input_color_hover": "globals\/colors?id=86a6e95",
                            "mf_input_color_focus": "globals\/colors?id=86a6e95",
                            "mf_input_border_color": "globals\/colors?id=e7352ca",
                            "mf_input_typgraphy_typography": "globals\/typography?id=text",
                            "mf_input_place_holder_typography_typography": "globals\/typography?id=63bf0e8",
                            "mf_input_placeholder_color": "globals\/colors?id=text",
                            "mf_input_border_focus_color": "globals\/colors?id=primary"
                        },
                        "_element_width_mobile": "inherit"
                    },
                    "elements": [],
                    "isInner": false,
                    "widgetType": "mf-text",
                    "elType": "widget"
                },
                {
                    "id": "201ab51f",
                    "settings": {
                        "mf_input_label": "What Is Your Gender?",
                        "mf_input_name": "mf-select",
                        "mf_input_placeholder": "Select",
                        "mf_input_list": [
                            {
                                "mf_input_option_text": "Item 1",
                                "mf_input_option_value": "value-1",
                                "_id": "96d1eae"
                            },
                            {
                                "mf_input_option_text": "Item 2",
                                "mf_input_option_value": "value-2",
                                "_id": "d395058"
                            },
                            {
                                "mf_input_option_text": "Item 3",
                                "mf_input_option_value": "value-3",
                                "_id": "9e1ce3b"
                            }
                        ],
                        "mf_input_required": "yes",
                        "mf_input_validation_warning_message": "This field is required.",
                        "mf_input_label_color": "#FCFCFC",
                        "mf_input_label_typography_typography": "custom",
                        "mf_input_label_typography_font_family": "Inter",
                        "mf_input_label_typography_font_size": {
                            "unit": "px",
                            "size": 15,
                            "sizes": []
                        },
                        "mf_input_label_typography_font_weight": "400",
                        "mf_input_label_typography_text_transform": "none",
                        "mf_input_label_typography_text_decoration": "none",
                        "mf_input_label_typography_line_height": {
                            "unit": "px",
                            "size": 25,
                            "sizes": []
                        },
                        "mf_input_label_padding": {
                            "unit": "px",
                            "top": "0",
                            "right": "0",
                            "bottom": "0",
                            "left": "0",
                            "isLinked": false
                        },
                        "mf_input_label_margin": {
                            "unit": "px",
                            "top": "0",
                            "right": "0",
                            "bottom": "12",
                            "left": "0",
                            "isLinked": false
                        },
                        "mf_input_warning_text_typography_typography": "custom",
                        "mf_input_warning_text_typography_font_family": "Inter",
                        "mf_input_warning_text_typography_font_size": {
                            "unit": "px",
                            "size": 14,
                            "sizes": []
                        },
                        "mf_input_warning_text_typography_font_weight": "400",
                        "mf_input_warning_text_typography_text_transform": "none",
                        "mf_input_warning_text_typography_text_decoration": "none",
                        "mf_input_warning_text_typography_line_height": {
                            "unit": "px",
                            "size": 24,
                            "sizes": []
                        },
                        "mf_input_padding": {
                            "unit": "px",
                            "top": "16",
                            "right": "16",
                            "bottom": "16",
                            "left": "16",
                            "isLinked": true
                        },
                        "mf_input_margin": {
                            "unit": "px",
                            "top": "0",
                            "right": "0",
                            "bottom": "0",
                            "left": "0",
                            "isLinked": false
                        },
                        "mf_input_color": "#FCFCFC",
                        "mf_input_background_background": "classic",
                        "mf_input_background_color": "#61CE7000",
                        "mf_input_border_border": "solid",
                        "mf_input_border_width": {
                            "unit": "px",
                            "top": "1",
                            "right": "1",
                            "bottom": "1",
                            "left": "1",
                            "isLinked": true
                        },
                        "mf_input_border_color": "#2F2F2F",
                        "mf_input_color_hover": "#FCFCFC",
                        "mf_input_color_focus": "#FCFCFC",
                        "mf_input_border_focus_border": "solid",
                        "mf_input_border_focus_width": {
                            "unit": "px",
                            "top": "1",
                            "right": "1",
                            "bottom": "1",
                            "left": "1",
                            "isLinked": true
                        },
                        "mf_input_typgraphy_typography": "custom",
                        "mf_input_typgraphy_font_family": "Inter",
                        "mf_input_typgraphy_font_size": {
                            "unit": "px",
                            "size": 16,
                            "sizes": []
                        },
                        "mf_input_typgraphy_font_weight": "400",
                        "mf_input_typgraphy_text_transform": "none",
                        "mf_input_typgraphy_text_decoration": "none",
                        "mf_input_typgraphy_line_height": {
                            "unit": "px",
                            "size": 26,
                            "sizes": []
                        },
                        "mf_input_border_radius": {
                            "unit": "px",
                            "size": 8,
                            "sizes": []
                        },
                        "mf_select_options_border_radius": {
                            "unit": "px",
                            "size": 8,
                            "sizes": []
                        },
                        "mf_select_options_border_border": "none",
                        "mf_select_options_box_shadow_box_shadow_type": "yes",
                        "mf_select_options_box_shadow_box_shadow": {
                            "horizontal": 0,
                            "vertical": 0,
                            "blur": 10,
                            "spread": 0,
                            "color": "rgba(0, 0, 0, 0)"
                        },
                        "mf_option_padding": {
                            "unit": "px",
                            "top": "16",
                            "right": "16",
                            "bottom": "16",
                            "left": "16",
                            "isLinked": true
                        },
                        "mf_option_margin": {
                            "unit": "px",
                            "top": "0",
                            "right": "0",
                            "bottom": "0",
                            "left": "0",
                            "isLinked": true
                        },
                        "mf_select_option_border_border": "solid",
                        "mf_select_option_border_width": {
                            "unit": "px",
                            "top": "1",
                            "right": "1",
                            "bottom": "1",
                            "left": "1",
                            "isLinked": true
                        },
                        "mf_select_option_backgroundnormal_background": "classic",
                        "_element_width": "initial",
                        "_element_custom_width": {
                            "unit": "custom",
                            "size": "calc(50% - 16px)",
                            "sizes": []
                        },
                        "_element_custom_width_tablet": {
                            "unit": "custom",
                            "size": "",
                            "sizes": []
                        },
                        "_element_custom_width_mobile": {
                            "unit": "custom",
                            "size": "",
                            "sizes": []
                        },
                        "__globals__": {
                            "mf_input_label_color": "globals\/colors?id=86a6e95",
                            "mf_input_label_typography_typography": "globals\/typography?id=b2db789",
                            "mf_input_required_indicator_color": "globals\/colors?id=39e1edd",
                            "mf_input_warning_text_color": "globals\/colors?id=39e1edd",
                            "mf_input_warning_text_typography_typography": "globals\/typography?id=65f63ad",
                            "mf_input_background_color": "globals\/colors?id=accent",
                            "mf_input_color": "globals\/colors?id=86a6e95",
                            "mf_input_color_hover": "globals\/colors?id=86a6e95",
                            "mf_input_color_focus": "globals\/colors?id=86a6e95",
                            "mf_input_border_color": "globals\/colors?id=e7352ca",
                            "mf_input_typgraphy_typography": "globals\/typography?id=text",
                            "mf_input_place_holder_typography_typography": "globals\/typography?id=63bf0e8",
                            "mf_input_placeholder_color": "globals\/colors?id=text",
                            "mf_input_border_focus_color": "globals\/colors?id=primary",
                            "mf_select_option_backgroundnormal_color": "globals\/colors?id=6af2490",
                            "mf_select_option_colornormal": "globals\/colors?id=86a6e95",
                            "mf_select_option_colorhover": "globals\/colors?id=primary",
                            "mf_select_option_coloractive": "globals\/colors?id=f7b8ebd",
                            "mf_select_option_border_color": "globals\/colors?id=e7352ca"
                        },
                        "_element_width_mobile": "inherit"
                    },
                    "elements": [],
                    "isInner": false,
                    "widgetType": "mf-select",
                    "elType": "widget"
                },
                {
                    "id": "53a0dc84",
                    "settings": {
                        "mf_input_label": "Number Of Teams",
                        "mf_input_name": "mf-number",
                        "mf_input_placeholder": "e.g. 1",
                        "mf_input_required": "yes",
                        "mf_input_validation_warning_message": "This field is required.",
                        "mf_input_label_color": "#FCFCFC",
                        "mf_input_label_typography_typography": "custom",
                        "mf_input_label_typography_font_family": "Inter",
                        "mf_input_label_typography_font_size": {
                            "unit": "px",
                            "size": 15,
                            "sizes": []
                        },
                        "mf_input_label_typography_font_weight": "400",
                        "mf_input_label_typography_text_transform": "none",
                        "mf_input_label_typography_text_decoration": "none",
                        "mf_input_label_typography_line_height": {
                            "unit": "px",
                            "size": 25,
                            "sizes": []
                        },
                        "mf_input_label_padding": {
                            "unit": "px",
                            "top": "0",
                            "right": "0",
                            "bottom": "0",
                            "left": "0",
                            "isLinked": false
                        },
                        "mf_input_label_margin": {
                            "unit": "px",
                            "top": "0",
                            "right": "0",
                            "bottom": "12",
                            "left": "0",
                            "isLinked": false
                        },
                        "mf_input_warning_text_typography_typography": "custom",
                        "mf_input_warning_text_typography_font_family": "Inter",
                        "mf_input_warning_text_typography_font_size": {
                            "unit": "px",
                            "size": 14,
                            "sizes": []
                        },
                        "mf_input_warning_text_typography_font_weight": "400",
                        "mf_input_warning_text_typography_text_transform": "none",
                        "mf_input_warning_text_typography_text_decoration": "none",
                        "mf_input_warning_text_typography_line_height": {
                            "unit": "px",
                            "size": 24,
                            "sizes": []
                        },
                        "mf_input_padding": {
                            "unit": "px",
                            "top": "16",
                            "right": "16",
                            "bottom": "16",
                            "left": "16",
                            "isLinked": true
                        },
                        "mf_input_margin": {
                            "unit": "px",
                            "top": "0",
                            "right": "0",
                            "bottom": "0",
                            "left": "0",
                            "isLinked": false
                        },
                        "mf_input_color": "#FCFCFC",
                        "mf_input_background_background": "classic",
                        "mf_input_background_color": "#61CE7000",
                        "mf_input_border_border": "solid",
                        "mf_input_border_width": {
                            "unit": "px",
                            "top": "1",
                            "right": "1",
                            "bottom": "1",
                            "left": "1",
                            "isLinked": true
                        },
                        "mf_input_border_color": "#2F2F2F",
                        "mf_input_color_hover": "#FCFCFC",
                        "mf_input_color_focus": "#FCFCFC",
                        "mf_input_border_focus_border": "solid",
                        "mf_input_border_focus_width": {
                            "unit": "px",
                            "top": "1",
                            "right": "1",
                            "bottom": "1",
                            "left": "1",
                            "isLinked": true
                        },
                        "mf_input_typgraphy_typography": "custom",
                        "mf_input_typgraphy_font_family": "Inter",
                        "mf_input_typgraphy_font_size": {
                            "unit": "px",
                            "size": 16,
                            "sizes": []
                        },
                        "mf_input_typgraphy_font_weight": "400",
                        "mf_input_typgraphy_text_transform": "none",
                        "mf_input_typgraphy_text_decoration": "none",
                        "mf_input_typgraphy_line_height": {
                            "unit": "px",
                            "size": 26,
                            "sizes": []
                        },
                        "mf_input_border_radius": {
                            "unit": "px",
                            "size": 8,
                            "sizes": []
                        },
                        "_element_width": "initial",
                        "_element_custom_width": {
                            "unit": "custom",
                            "size": "calc(50% - 16px)",
                            "sizes": []
                        },
                        "_element_custom_width_tablet": {
                            "unit": "custom",
                            "size": "",
                            "sizes": []
                        },
                        "_element_custom_width_mobile": {
                            "unit": "custom",
                            "size": "",
                            "sizes": []
                        },
                        "__globals__": {
                            "mf_input_label_color": "globals\/colors?id=86a6e95",
                            "mf_input_label_typography_typography": "globals\/typography?id=b2db789",
                            "mf_input_required_indicator_color": "globals\/colors?id=39e1edd",
                            "mf_input_warning_text_color": "globals\/colors?id=39e1edd",
                            "mf_input_warning_text_typography_typography": "globals\/typography?id=65f63ad",
                            "mf_input_background_color": "globals\/colors?id=accent",
                            "mf_input_color": "globals\/colors?id=86a6e95",
                            "mf_input_color_hover": "globals\/colors?id=86a6e95",
                            "mf_input_color_focus": "globals\/colors?id=86a6e95",
                            "mf_input_border_color": "globals\/colors?id=e7352ca",
                            "mf_input_typgraphy_typography": "globals\/typography?id=text",
                            "mf_input_place_holder_typography_typography": "globals\/typography?id=63bf0e8",
                            "mf_input_placeholder_color": "globals\/colors?id=text",
                            "mf_input_border_focus_color": "globals\/colors?id=primary"
                        },
                        "_element_width_mobile": "inherit"
                    },
                    "elements": [],
                    "isInner": false,
                    "widgetType": "mf-number",
                    "elType": "widget"
                },
                {
                    "id": "3b931fa7",
                    "settings": {
                        "mf_input_label": "Pick A Date",
                        "mf_input_name": "mf-date",
                        "mf_input_placeholder": "DD \/ MM \/ YYYY",
                        "mf_input_validation_warning_message": "This field is required.",
                        "mf_input_disable_date_list": [],
                        "mf_input_date_format_all": "d-m-Y",
                        "mf_input_label_color": "#FCFCFC",
                        "mf_input_label_typography_typography": "custom",
                        "mf_input_label_typography_font_family": "Inter",
                        "mf_input_label_typography_font_size": {
                            "unit": "px",
                            "size": 15,
                            "sizes": []
                        },
                        "mf_input_label_typography_font_weight": "400",
                        "mf_input_label_typography_text_transform": "none",
                        "mf_input_label_typography_text_decoration": "none",
                        "mf_input_label_typography_line_height": {
                            "unit": "px",
                            "size": 25,
                            "sizes": []
                        },
                        "mf_input_label_padding": {
                            "unit": "px",
                            "top": "0",
                            "right": "0",
                            "bottom": "0",
                            "left": "0",
                            "isLinked": false
                        },
                        "mf_input_label_margin": {
                            "unit": "px",
                            "top": "0",
                            "right": "0",
                            "bottom": "12",
                            "left": "0",
                            "isLinked": false
                        },
                        "mf_input_warning_text_typography_typography": "custom",
                        "mf_input_warning_text_typography_font_family": "Inter",
                        "mf_input_warning_text_typography_font_size": {
                            "unit": "px",
                            "size": 14,
                            "sizes": []
                        },
                        "mf_input_warning_text_typography_font_weight": "400",
                        "mf_input_warning_text_typography_text_transform": "none",
                        "mf_input_warning_text_typography_text_decoration": "none",
                        "mf_input_warning_text_typography_line_height": {
                            "unit": "px",
                            "size": 24,
                            "sizes": []
                        },
                        "mf_input_padding": {
                            "unit": "px",
                            "top": "16",
                            "right": "16",
                            "bottom": "16",
                            "left": "16",
                            "isLinked": true
                        },
                        "mf_input_margin": {
                            "unit": "px",
                            "top": "0",
                            "right": "0",
                            "bottom": "0",
                            "left": "0",
                            "isLinked": false
                        },
                        "mf_input_color": "#FCFCFC",
                        "mf_input_background_background": "classic",
                        "mf_input_background_color": "#61CE7000",
                        "mf_input_border_border": "solid",
                        "mf_input_border_width": {
                            "unit": "px",
                            "top": "1",
                            "right": "1",
                            "bottom": "1",
                            "left": "1",
                            "isLinked": true
                        },
                        "mf_input_border_color": "#2F2F2F",
                        "mf_input_color_hover": "#FCFCFC",
                        "mf_input_color_focus": "#FCFCFC",
                        "mf_input_border_focus_border": "solid",
                        "mf_input_border_focus_width": {
                            "unit": "px",
                            "top": "1",
                            "right": "1",
                            "bottom": "1",
                            "left": "1",
                            "isLinked": true
                        },
                        "mf_input_typgraphy_typography": "custom",
                        "mf_input_typgraphy_font_family": "Inter",
                        "mf_input_typgraphy_font_size": {
                            "unit": "px",
                            "size": 16,
                            "sizes": []
                        },
                        "mf_input_typgraphy_font_weight": "400",
                        "mf_input_typgraphy_text_transform": "none",
                        "mf_input_typgraphy_text_decoration": "none",
                        "mf_input_typgraphy_line_height": {
                            "unit": "px",
                            "size": 26,
                            "sizes": []
                        },
                        "mf_input_border_radius": {
                            "unit": "px",
                            "size": 8,
                            "sizes": []
                        },
                        "_element_width": "initial",
                        "_element_custom_width": {
                            "unit": "custom",
                            "size": "calc(50% - 16px)",
                            "sizes": []
                        },
                        "_element_custom_width_tablet": {
                            "unit": "custom",
                            "size": "",
                            "sizes": []
                        },
                        "_element_custom_width_mobile": {
                            "unit": "custom",
                            "size": "",
                            "sizes": []
                        },
                        "__globals__": {
                            "mf_input_label_color": "globals\/colors?id=86a6e95",
                            "mf_input_label_typography_typography": "globals\/typography?id=b2db789",
                            "mf_input_required_indicator_color": "globals\/colors?id=39e1edd",
                            "mf_input_warning_text_color": "globals\/colors?id=39e1edd",
                            "mf_input_warning_text_typography_typography": "globals\/typography?id=65f63ad",
                            "mf_input_background_color": "globals\/colors?id=accent",
                            "mf_input_color": "globals\/colors?id=86a6e95",
                            "mf_input_color_hover": "globals\/colors?id=86a6e95",
                            "mf_input_color_focus": "globals\/colors?id=86a6e95",
                            "mf_input_border_color": "globals\/colors?id=e7352ca",
                            "mf_input_typgraphy_typography": "globals\/typography?id=text",
                            "mf_input_place_holder_typography_typography": "globals\/typography?id=63bf0e8",
                            "mf_input_placeholder_color": "globals\/colors?id=text",
                            "mf_input_border_focus_color": "globals\/colors?id=primary"
                        },
                        "_element_width_mobile": "inherit"
                    },
                    "elements": [],
                    "isInner": false,
                    "widgetType": "mf-date",
                    "elType": "widget"
                },
                {
                    "id": "6589863d",
                    "settings": {
                        "mf_input_label": "Choose Your Time",
                        "mf_input_name": "mf-time",
                        "mf_input_placeholder": "--:--",
                        "mf_input_validation_warning_message": "This field is required.",
                        "mf_input_label_color": "#FCFCFC",
                        "mf_input_label_typography_typography": "custom",
                        "mf_input_label_typography_font_family": "Inter",
                        "mf_input_label_typography_font_size": {
                            "unit": "px",
                            "size": 15,
                            "sizes": []
                        },
                        "mf_input_label_typography_font_weight": "400",
                        "mf_input_label_typography_text_transform": "none",
                        "mf_input_label_typography_text_decoration": "none",
                        "mf_input_label_typography_line_height": {
                            "unit": "px",
                            "size": 25,
                            "sizes": []
                        },
                        "mf_input_label_padding": {
                            "unit": "px",
                            "top": "0",
                            "right": "0",
                            "bottom": "0",
                            "left": "0",
                            "isLinked": false
                        },
                        "mf_input_label_margin": {
                            "unit": "px",
                            "top": "0",
                            "right": "0",
                            "bottom": "12",
                            "left": "0",
                            "isLinked": false
                        },
                        "mf_input_warning_text_typography_typography": "custom",
                        "mf_input_warning_text_typography_font_family": "Inter",
                        "mf_input_warning_text_typography_font_size": {
                            "unit": "px",
                            "size": 14,
                            "sizes": []
                        },
                        "mf_input_warning_text_typography_font_weight": "400",
                        "mf_input_warning_text_typography_text_transform": "none",
                        "mf_input_warning_text_typography_text_decoration": "none",
                        "mf_input_warning_text_typography_line_height": {
                            "unit": "px",
                            "size": 24,
                            "sizes": []
                        },
                        "mf_input_padding": {
                            "unit": "px",
                            "top": "16",
                            "right": "16",
                            "bottom": "16",
                            "left": "16",
                            "isLinked": true
                        },
                        "mf_input_margin": {
                            "unit": "px",
                            "top": "0",
                            "right": "0",
                            "bottom": "0",
                            "left": "0",
                            "isLinked": false
                        },
                        "mf_input_color": "#FCFCFC",
                        "mf_input_background_background": "classic",
                        "mf_input_background_color": "#61CE7000",
                        "mf_input_border_border": "solid",
                        "mf_input_border_width": {
                            "unit": "px",
                            "top": "1",
                            "right": "1",
                            "bottom": "1",
                            "left": "1",
                            "isLinked": true
                        },
                        "mf_input_border_color": "#2F2F2F",
                        "mf_input_color_hover": "#FCFCFC",
                        "mf_input_color_focus": "#FCFCFC",
                        "mf_input_border_focus_border": "solid",
                        "mf_input_border_focus_width": {
                            "unit": "px",
                            "top": "1",
                            "right": "1",
                            "bottom": "1",
                            "left": "1",
                            "isLinked": true
                        },
                        "mf_input_typgraphy_typography": "custom",
                        "mf_input_typgraphy_font_family": "Inter",
                        "mf_input_typgraphy_font_size": {
                            "unit": "px",
                            "size": 16,
                            "sizes": []
                        },
                        "mf_input_typgraphy_font_weight": "400",
                        "mf_input_typgraphy_text_transform": "none",
                        "mf_input_typgraphy_text_decoration": "none",
                        "mf_input_typgraphy_line_height": {
                            "unit": "px",
                            "size": 26,
                            "sizes": []
                        },
                        "mf_input_border_radius": {
                            "unit": "px",
                            "size": 8,
                            "sizes": []
                        },
                        "_element_width": "initial",
                        "_element_custom_width": {
                            "unit": "custom",
                            "size": "calc(50% - 16px)",
                            "sizes": []
                        },
                        "_element_custom_width_tablet": {
                            "unit": "custom",
                            "size": "",
                            "sizes": []
                        },
                        "_element_custom_width_mobile": {
                            "unit": "custom",
                            "size": "",
                            "sizes": []
                        },
                        "__globals__": {
                            "mf_input_label_color": "globals\/colors?id=86a6e95",
                            "mf_input_label_typography_typography": "globals\/typography?id=b2db789",
                            "mf_input_required_indicator_color": "globals\/colors?id=39e1edd",
                            "mf_input_warning_text_color": "globals\/colors?id=39e1edd",
                            "mf_input_warning_text_typography_typography": "globals\/typography?id=65f63ad",
                            "mf_input_background_color": "globals\/colors?id=accent",
                            "mf_input_color": "globals\/colors?id=86a6e95",
                            "mf_input_color_hover": "globals\/colors?id=86a6e95",
                            "mf_input_color_focus": "globals\/colors?id=86a6e95",
                            "mf_input_border_color": "globals\/colors?id=e7352ca",
                            "mf_input_typgraphy_typography": "globals\/typography?id=text",
                            "mf_input_place_holder_typography_typography": "globals\/typography?id=63bf0e8",
                            "mf_input_placeholder_color": "globals\/colors?id=text",
                            "mf_input_border_focus_color": "globals\/colors?id=primary"
                        },
                        "_element_width_mobile": "inherit"
                    },
                    "elements": [],
                    "isInner": false,
                    "widgetType": "mf-time",
                    "elType": "widget"
                },
                {
                    "id": "6b181810",
                    "settings": {
                        "mf_input_label": "Message",
                        "mf_input_name": "mf-textarea",
                        "mf_input_placeholder": "Write your message here ...",
                        "mf_input_validation_warning_message": "This field is required.",
                        "mf_input_label_color": "#FCFCFC",
                        "mf_input_label_typography_typography": "custom",
                        "mf_input_label_typography_font_family": "Inter",
                        "mf_input_label_typography_font_size": {
                            "unit": "px",
                            "size": 15,
                            "sizes": []
                        },
                        "mf_input_label_typography_font_weight": "400",
                        "mf_input_label_typography_text_transform": "none",
                        "mf_input_label_typography_text_decoration": "none",
                        "mf_input_label_typography_line_height": {
                            "unit": "px",
                            "size": 25,
                            "sizes": []
                        },
                        "mf_input_label_padding": {
                            "unit": "px",
                            "top": "0",
                            "right": "0",
                            "bottom": "0",
                            "left": "0",
                            "isLinked": false
                        },
                        "mf_input_label_margin": {
                            "unit": "px",
                            "top": "0",
                            "right": "0",
                            "bottom": "12",
                            "left": "0",
                            "isLinked": false
                        },
                        "mf_input_warning_text_typography_typography": "custom",
                        "mf_input_warning_text_typography_font_family": "Inter",
                        "mf_input_warning_text_typography_font_size": {
                            "unit": "px",
                            "size": 14,
                            "sizes": []
                        },
                        "mf_input_warning_text_typography_font_weight": "400",
                        "mf_input_warning_text_typography_text_transform": "none",
                        "mf_input_warning_text_typography_text_decoration": "none",
                        "mf_input_warning_text_typography_line_height": {
                            "unit": "px",
                            "size": 24,
                            "sizes": []
                        },
                        "mf_textarea_field_height": {
                            "unit": "px",
                            "size": 160,
                            "sizes": []
                        },
                        "mf_input_padding": {
                            "unit": "px",
                            "top": "16",
                            "right": "16",
                            "bottom": "16",
                            "left": "16",
                            "isLinked": true
                        },
                        "mf_input_margin": {
                            "unit": "px",
                            "top": "0",
                            "right": "0",
                            "bottom": "0",
                            "left": "0",
                            "isLinked": false
                        },
                        "mf_input_color": "#FCFCFC",
                        "mf_input_background_background": "classic",
                        "mf_input_background_color": "#61CE7000",
                        "mf_input_border_border": "solid",
                        "mf_input_border_width": {
                            "unit": "px",
                            "top": "1",
                            "right": "1",
                            "bottom": "1",
                            "left": "1",
                            "isLinked": true
                        },
                        "mf_input_border_color": "#2F2F2F",
                        "mf_input_color_hover": "#FCFCFC",
                        "mf_input_color_focus": "#FCFCFC",
                        "mf_input_border_focus_border": "solid",
                        "mf_input_border_focus_width": {
                            "unit": "px",
                            "top": "1",
                            "right": "1",
                            "bottom": "1",
                            "left": "1",
                            "isLinked": true
                        },
                        "mf_input_typgraphy_typography": "custom",
                        "mf_input_typgraphy_font_family": "Inter",
                        "mf_input_typgraphy_font_size": {
                            "unit": "px",
                            "size": 16,
                            "sizes": []
                        },
                        "mf_input_typgraphy_font_weight": "400",
                        "mf_input_typgraphy_text_transform": "none",
                        "mf_input_typgraphy_text_decoration": "none",
                        "mf_input_typgraphy_line_height": {
                            "unit": "px",
                            "size": 26,
                            "sizes": []
                        },
                        "mf_input_border_radius": {
                            "unit": "px",
                            "size": 8,
                            "sizes": []
                        },
                        "_element_width": "inherit",
                        "_element_custom_width": {
                            "unit": "custom",
                            "size": "calc(50% - 16px)",
                            "sizes": []
                        },
                        "_element_custom_width_tablet": {
                            "unit": "custom",
                            "size": "",
                            "sizes": []
                        },
                        "_element_custom_width_mobile": {
                            "unit": "custom",
                            "size": "",
                            "sizes": []
                        },
                        "__globals__": {
                            "mf_input_label_color": "globals\/colors?id=86a6e95",
                            "mf_input_label_typography_typography": "globals\/typography?id=b2db789",
                            "mf_input_required_indicator_color": "globals\/colors?id=39e1edd",
                            "mf_input_warning_text_color": "globals\/colors?id=39e1edd",
                            "mf_input_warning_text_typography_typography": "globals\/typography?id=65f63ad",
                            "mf_input_background_color": "globals\/colors?id=accent",
                            "mf_input_color": "globals\/colors?id=86a6e95",
                            "mf_input_color_hover": "globals\/colors?id=86a6e95",
                            "mf_input_color_focus": "globals\/colors?id=86a6e95",
                            "mf_input_border_color": "globals\/colors?id=e7352ca",
                            "mf_input_typgraphy_typography": "globals\/typography?id=text",
                            "mf_input_place_holder_typography_typography": "globals\/typography?id=63bf0e8",
                            "mf_input_placeholder_color": "globals\/colors?id=text",
                            "mf_input_border_focus_color": "globals\/colors?id=primary"
                        }
                    },
                    "elements": [],
                    "isInner": false,
                    "widgetType": "mf-textarea",
                    "elType": "widget"
                },
                {
                    "id": "4b3e7168",
                    "settings": {
                        "mf_btn_text": "Submit Button",
                        "mf_hidden_input": [],
                        "mf_btn_text_padding": {
                            "unit": "px",
                            "top": "12",
                            "right": "24",
                            "bottom": "12",
                            "left": "24",
                            "isLinked": false
                        },
                        "mf_btn_bg_color_background": "classic",
                        "mf_btn_bg_hover_color_background": "classic",
                        "mf_btn_border_radius": {
                            "unit": "px",
                            "top": "32",
                            "right": "32",
                            "bottom": "32",
                            "left": "32",
                            "isLinked": true
                        },
                        "mf_btn_box_shadow_group_box_shadow_type": "yes",
                        "mf_btn_box_shadow_group_box_shadow": {
                            "horizontal": 0,
                            "vertical": 0,
                            "blur": 10,
                            "spread": 0,
                            "color": "rgba(0, 0, 0, 0)"
                        },
                        "__globals__": {
                            "mf_btn_typography_typography": "globals\/typography?id=cd93fed",
                            "mf_btn_text_color": "globals\/colors?id=86a6e95",
                            "mf_btn_bg_color_color": "globals\/colors?id=primary",
                            "mf_btn_hover_color": "globals\/colors?id=86a6e95",
                            "mf_btn_bg_hover_color_color": "globals\/colors?id=f7b8ebd"
                        }
                    },
                    "elements": [],
                    "isInner": false,
                    "widgetType": "mf-button",
                    "elType": "widget"
                }
            ],
            "isInner": false,
            "elType": "container"
        }
    ]
}