{
    "version": "0.4",
    "title": "Global Kit Styles",
    "type": "section",
    "metadata": {
        "template_type": "global-styles",
        "include_in_zip": "1",
        "elementor_pro_required": null,
        "additional_template_information": [
            "These are the global theme styles configured through the Elementor Theme Styles area."
        ],
        "wp_page_template": "default"
    },
    "content": [],
    "page_settings": {
        "system_colors": [
            {
                "_id": "primary",
                "title": "Primary 300",
                "color": "#8B6E5D"
            },
            {
                "_id": "secondary",
                "title": "Secondary 300",
                "color": "#11A5FA"
            },
            {
                "_id": "text",
                "title": "Neutral 300",
                "color": "#A7A7A7"
            },
            {
                "_id": "accent",
                "title": "Transparent",
                "color": "#61CE7000"
            }
        ],
        "custom_colors": [
            {
                "_id": "e4bd027",
                "title": "Primary 100",
                "color": "#FFFBF8"
            },
            {
                "_id": "f93d3de",
                "title": "Primary 200",
                "color": "#BFAB9F"
            },
            {
                "_id": "f7b8ebd",
                "title": "Primary 400",
                "color": "#4F3E34"
            },
            {
                "_id": "1b5e422",
                "title": "Primary 500",
                "color": "#1E1714"
            },
            {
                "_id": "ac803c8",
                "title": "Secondary 100",
                "color": "#F7FCFF"
            },
            {
                "_id": "169bc94",
                "title": "Secondary 200",
                "color": "#BAE5FE"
            },
            {
                "_id": "9e002c4",
                "title": "Secondary 400",
                "color": "#035382"
            },
            {
                "_id": "b603947",
                "title": "Secondary 500",
                "color": "#011825"
            },
            {
                "_id": "86a6e95",
                "title": "Neutral 100",
                "color": "#FCFCFC"
            },
            {
                "_id": "4c1cdcf",
                "title": "Neutral 200",
                "color": "#C8C8C8"
            },
            {
                "_id": "45f58d1",
                "title": "Neutral 400",
                "color": "#4A4A4A"
            },
            {
                "_id": "3135807",
                "title": "Neutral 500",
                "color": "#0F0F0F"
            },
            {
                "_id": "dff80f5",
                "title": "Main Background",
                "color": "#080300"
            },
            {
                "_id": "6af2490",
                "title": "Variant Background",
                "color": "#212121"
            },
            {
                "_id": "e7352ca",
                "title": "Border 1",
                "color": "#2F2F2F"
            },
            {
                "_id": "baabda6",
                "title": "White",
                "color": "#FFFFFF"
            },
            {
                "_id": "3c4e20c",
                "title": "Black",
                "color": "#000000"
            },
            {
                "_id": "39e1edd",
                "title": "Danger",
                "color": "#f00"
            }
        ],
        "system_typography": [
            {
                "_id": "primary",
                "title": "Heading \/ H1",
                "typography_typography": "custom",
                "typography_font_family": "Syne",
                "typography_font_weight": "500",
                "typography_font_size": {
                    "unit": "px",
                    "size": 72,
                    "sizes": []
                },
                "typography_text_transform": "capitalize",
                "typography_text_decoration": "none",
                "typography_line_height": {
                    "unit": "px",
                    "size": 82,
                    "sizes": []
                },
                "typography_font_size_mobile": {
                    "unit": "px",
                    "size": 45,
                    "sizes": []
                },
                "typography_line_height_mobile": {
                    "unit": "px",
                    "size": 55,
                    "sizes": []
                }
            },
            {
                "_id": "secondary",
                "title": "Heading \/ H2",
                "typography_typography": "custom",
                "typography_font_family": "Syne",
                "typography_font_weight": "500",
                "typography_font_size": {
                    "unit": "px",
                    "size": 48,
                    "sizes": []
                },
                "typography_text_transform": "none",
                "typography_text_decoration": "none",
                "typography_line_height": {
                    "unit": "px",
                    "size": 58,
                    "sizes": []
                },
                "typography_font_size_mobile": {
                    "unit": "px",
                    "size": 38,
                    "sizes": []
                },
                "typography_line_height_mobile": {
                    "unit": "px",
                    "size": 48,
                    "sizes": []
                }
            },
            {
                "_id": "text",
                "title": "Body 2",
                "typography_typography": "custom",
                "typography_font_family": "Inter",
                "typography_font_weight": "400",
                "typography_font_size": {
                    "unit": "px",
                    "size": 16,
                    "sizes": []
                },
                "typography_text_transform": "none",
                "typography_text_decoration": "none",
                "typography_line_height": {
                    "unit": "px",
                    "size": 26,
                    "sizes": []
                }
            },
            {
                "_id": "accent",
                "title": "Sub Heading",
                "typography_typography": "custom",
                "typography_font_family": "Inter",
                "typography_font_weight": "400",
                "typography_font_size": {
                    "unit": "px",
                    "size": 14,
                    "sizes": []
                },
                "typography_text_transform": "uppercase",
                "typography_text_decoration": "none",
                "typography_line_height": {
                    "unit": "px",
                    "size": 24,
                    "sizes": []
                },
                "typography_letter_spacing": {
                    "unit": "px",
                    "size": 1.5,
                    "sizes": []
                }
            }
        ],
        "custom_typography": [
            {
                "_id": "0526262",
                "title": "Heading \/ H3",
                "typography_typography": "custom",
                "typography_font_family": "Syne",
                "typography_font_size": {
                    "unit": "px",
                    "size": 40,
                    "sizes": []
                },
                "typography_font_weight": "500",
                "typography_text_transform": "none",
                "typography_text_decoration": "none",
                "typography_line_height": {
                    "unit": "px",
                    "size": 50,
                    "sizes": []
                },
                "typography_font_size_mobile": {
                    "unit": "px",
                    "size": 34,
                    "sizes": []
                },
                "typography_line_height_mobile": {
                    "unit": "px",
                    "size": 44,
                    "sizes": []
                }
            },
            {
                "_id": "002f7fb",
                "title": "Heading \/ H4",
                "typography_typography": "custom",
                "typography_font_family": "Syne",
                "typography_font_size": {
                    "unit": "px",
                    "size": 32,
                    "sizes": []
                },
                "typography_font_weight": "500",
                "typography_text_transform": "none",
                "typography_text_decoration": "none",
                "typography_line_height": {
                    "unit": "px",
                    "size": 42,
                    "sizes": []
                },
                "typography_font_size_mobile": {
                    "unit": "px",
                    "size": 28,
                    "sizes": []
                },
                "typography_line_height_mobile": {
                    "unit": "px",
                    "size": 38,
                    "sizes": []
                }
            },
            {
                "_id": "0124a00",
                "title": "Heading \/ H5",
                "typography_typography": "custom",
                "typography_font_family": "Syne",
                "typography_font_size": {
                    "unit": "px",
                    "size": 26,
                    "sizes": []
                },
                "typography_font_weight": "500",
                "typography_text_transform": "none",
                "typography_text_decoration": "none",
                "typography_line_height": {
                    "unit": "px",
                    "size": 36,
                    "sizes": []
                },
                "typography_font_size_mobile": {
                    "unit": "px",
                    "size": 24,
                    "sizes": []
                },
                "typography_line_height_mobile": {
                    "unit": "px",
                    "size": 34,
                    "sizes": []
                }
            },
            {
                "_id": "ce1a599",
                "title": "Heading \/ H6",
                "typography_typography": "custom",
                "typography_font_family": "Syne",
                "typography_font_size": {
                    "unit": "px",
                    "size": 22,
                    "sizes": []
                },
                "typography_font_weight": "500",
                "typography_text_transform": "none",
                "typography_text_decoration": "none",
                "typography_line_height": {
                    "unit": "px",
                    "size": 32,
                    "sizes": []
                },
                "typography_font_size_mobile": {
                    "unit": "px",
                    "size": 20,
                    "sizes": []
                },
                "typography_line_height_mobile": {
                    "unit": "px",
                    "size": 30,
                    "sizes": []
                }
            },
            {
                "_id": "c638a61",
                "title": "Body 1",
                "typography_typography": "custom",
                "typography_font_family": "Inter",
                "typography_font_size": {
                    "unit": "px",
                    "size": 18,
                    "sizes": []
                },
                "typography_font_weight": "400",
                "typography_text_transform": "none",
                "typography_text_decoration": "none",
                "typography_line_height": {
                    "unit": "px",
                    "size": 28,
                    "sizes": []
                }
            },
            {
                "_id": "65f63ad",
                "title": "Body 3",
                "typography_typography": "custom",
                "typography_font_family": "Inter",
                "typography_font_size": {
                    "unit": "px",
                    "size": 14,
                    "sizes": []
                },
                "typography_font_weight": "400",
                "typography_text_transform": "none",
                "typography_text_decoration": "none",
                "typography_line_height": {
                    "unit": "px",
                    "size": 24,
                    "sizes": []
                }
            },
            {
                "_id": "cd93fed",
                "title": "Button\/Links",
                "typography_typography": "custom",
                "typography_font_family": "Inter",
                "typography_font_size": {
                    "unit": "px",
                    "size": 16,
                    "sizes": []
                },
                "typography_font_weight": "500",
                "typography_text_transform": "capitalize",
                "typography_text_decoration": "none",
                "typography_line_height": {
                    "unit": "px",
                    "size": 26,
                    "sizes": []
                }
            },
            {
                "_id": "df2a5ce",
                "title": "Quotes",
                "typography_typography": "custom",
                "typography_font_family": "Inter",
                "typography_font_size": {
                    "unit": "px",
                    "size": 25,
                    "sizes": []
                },
                "typography_font_weight": "200",
                "typography_text_transform": "none",
                "typography_text_decoration": "none",
                "typography_line_height": {
                    "unit": "px",
                    "size": 35,
                    "sizes": []
                }
            },
            {
                "typography_typography": "custom",
                "typography_font_family": "Inter",
                "typography_font_size": {
                    "unit": "px",
                    "size": 64,
                    "sizes": []
                },
                "typography_font_weight": "500",
                "_id": "2915ce2",
                "title": "Number 1"
            },
            {
                "typography_typography": "custom",
                "typography_font_family": "Inter",
                "typography_font_size": {
                    "unit": "px",
                    "size": 48,
                    "sizes": []
                },
                "typography_font_weight": "500",
                "typography_text_transform": "none",
                "typography_text_decoration": "none",
                "_id": "8f9088a",
                "title": "Number 2"
            },
            {
                "typography_typography": "custom",
                "typography_font_family": "Inter",
                "typography_font_size": {
                    "unit": "px",
                    "size": 15,
                    "sizes": []
                },
                "typography_font_weight": "400",
                "typography_text_transform": "none",
                "typography_text_decoration": "none",
                "typography_line_height": {
                    "unit": "px",
                    "size": 25,
                    "sizes": []
                },
                "_id": "b2db789",
                "title": "Label"
            },
            {
                "typography_typography": "custom",
                "typography_font_family": "Inter",
                "typography_font_size": {
                    "unit": "px",
                    "size": 14,
                    "sizes": []
                },
                "typography_font_weight": "400",
                "typography_text_transform": "none",
                "typography_text_decoration": "none",
                "typography_line_height": {
                    "unit": "px",
                    "size": 24,
                    "sizes": []
                },
                "_id": "63bf0e8",
                "title": "Placeholder"
            }
        ],
        "default_generic_fonts": "Sans-serif",
        "container_width": {
            "unit": "px",
            "size": 1328,
            "sizes": []
        },
        "container_padding": {
            "unit": "px",
            "top": "24",
            "right": "24",
            "bottom": "24",
            "left": "24",
            "isLinked": true
        },
        "space_between_widgets": {
            "column": "24",
            "row": "24",
            "isLinked": true,
            "unit": "px",
            "size": 24
        },
        "page_title_selector": "h1.entry-title",
        "default_page_template": "elementor_header_footer",
        "viewport_md": 768,
        "viewport_lg": 1025,
        "activeItemIndex": 1,
        "body_background_background": "classic",
        "__globals__": {
            "body_background_color": "globals\/colors?id=dff80f5",
            "body_color": "globals\/colors?id=text",
            "body_typography_typography": "globals\/typography?id=text",
            "link_normal_color": "globals\/colors?id=primary",
            "link_normal_typography_typography": "",
            "h1_color": "globals\/colors?id=86a6e95",
            "h1_typography_typography": "globals\/typography?id=primary",
            "h2_color": "globals\/colors?id=86a6e95",
            "h2_typography_typography": "globals\/typography?id=secondary",
            "h3_color": "globals\/colors?id=86a6e95",
            "h3_typography_typography": "globals\/typography?id=0526262",
            "h4_color": "globals\/colors?id=86a6e95",
            "h4_typography_typography": "globals\/typography?id=002f7fb",
            "h5_color": "globals\/colors?id=86a6e95",
            "h5_typography_typography": "globals\/typography?id=0124a00",
            "h6_color": "globals\/colors?id=86a6e95",
            "h6_typography_typography": "globals\/typography?id=ce1a599",
            "button_text_color": "globals\/colors?id=baabda6",
            "button_background_color": "globals\/colors?id=primary",
            "button_hover_text_color": "globals\/colors?id=baabda6",
            "button_hover_background_color": "globals\/colors?id=f7b8ebd",
            "button_typography_typography": "globals\/typography?id=cd93fed"
        },
        "body_color": "#A7A7A7",
        "body_typography_typography": "custom",
        "body_typography_font_family": "Inter",
        "body_typography_font_size": {
            "unit": "px",
            "size": 16,
            "sizes": []
        },
        "body_typography_font_weight": "400",
        "body_typography_text_transform": "none",
        "body_typography_text_decoration": "none",
        "body_typography_line_height": {
            "unit": "px",
            "size": 26,
            "sizes": []
        },
        "link_normal_color": "#8B6E5D",
        "link_normal_typography_typography": "custom",
        "link_normal_typography_font_family": "Inter",
        "link_normal_typography_font_weight": "500",
        "link_normal_typography_text_transform": "capitalize",
        "link_normal_typography_text_decoration": "none",
        "button_border_radius": {
            "unit": "px",
            "top": "32",
            "right": "32",
            "bottom": "32",
            "left": "32",
            "isLinked": true
        },
        "button_padding": {
            "unit": "px",
            "top": "12",
            "right": "24",
            "bottom": "12",
            "left": "24",
            "isLinked": false
        },
        "body_background_color": "#080300"
    }
}