{
    "version": "0.4",
    "title": "Header",
    "type": "section",
    "metadata": {
        "template_type": "section-header",
        "include_in_zip": "1",
        "elementor_pro_required": null,
        "wp_page_template": "elementor_canvas"
    },
    "content": [
        {
            "id": "425cca2c",
            "settings": {
                "background_background": "classic",
                "background_color": "#61CE7000",
                "margin": {
                    "unit": "px",
                    "top": "0",
                    "right": "0",
                    "bottom": "0",
                    "left": "0",
                    "isLinked": true
                },
                "padding": {
                    "unit": "px",
                    "top": "32",
                    "right": "0",
                    "bottom": "0",
                    "left": "0",
                    "isLinked": false
                },
                "transparent": "yes",
                "transparent_header_show": "yes",
                "background_show": "yes",
                "background": "#080300",
                "_title": "Header",
                "__globals__": {
                    "background_color": "",
                    "background": "globals\/colors?id=dff80f5"
                }
            },
            "elements": [
                {
                    "id": "1ccb4666",
                    "settings": {
                        "content_width": "full",
                        "padding": {
                            "unit": "px",
                            "top": "0",
                            "right": "24",
                            "bottom": "0",
                            "left": "24",
                            "isLinked": false
                        },
                        "transparent_header_show": "yes"
                    },
                    "elements": [
                        {
                            "id": "561e67b3",
                            "settings": {
                                "content_width": "full",
                                "flex_direction": "row",
                                "flex_justify_content": "space-between",
                                "flex_align_items": "center",
                                "background_background": "classic",
                                "background_color": "#FFFFFF0F",
                                "border_border": "solid",
                                "border_width": {
                                    "unit": "px",
                                    "top": "1",
                                    "right": "1",
                                    "bottom": "1",
                                    "left": "1",
                                    "isLinked": true
                                },
                                "border_color": "#2F2F2F",
                                "border_radius": {
                                    "unit": "px",
                                    "top": "100",
                                    "right": "100",
                                    "bottom": "100",
                                    "left": "100",
                                    "isLinked": true
                                },
                                "__globals__": {
                                    "border_color": "globals\/colors?id=e7352ca",
                                    "background_color": ""
                                }
                            },
                            "elements": [
                                {
                                    "id": "6851e66f",
                                    "settings": {
                                        "image": {
                                            "url": "https:\/\/flex.heydenstd.com\/creastic\/wp-content\/uploads\/sites\/4\/2024\/12\/Logo-Creastic.png",
                                            "id": 110,
                                            "size": "",
                                            "alt": "",
                                            "source": "library"
                                        },
                                        "image_size": "full",
                                        "width": {
                                            "unit": "px",
                                            "size": 140,
                                            "sizes": []
                                        },
                                        "width_tablet": {
                                            "unit": "px",
                                            "size": "",
                                            "sizes": []
                                        },
                                        "width_mobile": {
                                            "unit": "px",
                                            "size": "",
                                            "sizes": []
                                        }
                                    },
                                    "elements": [],
                                    "isInner": false,
                                    "widgetType": "image",
                                    "elType": "widget"
                                },
                                {
                                    "id": "32b97af6",
                                    "settings": {
                                        "elementskit_nav_menu": "header",
                                        "elementskit_main_menu_position": "elementskit-menu-po-center",
                                        "elementskit_menubar_height": {
                                            "unit": "px",
                                            "size": 32,
                                            "sizes": []
                                        },
                                        "elementskit_mobile_menu_panel_spacing": {
                                            "unit": "px",
                                            "top": "0",
                                            "right": "0",
                                            "bottom": "0",
                                            "left": "0",
                                            "isLinked": false
                                        },
                                        "elementskit_border_radius": {
                                            "unit": "px",
                                            "top": "0",
                                            "right": "0",
                                            "bottom": "0",
                                            "left": "0",
                                            "isLinked": false
                                        },
                                        "ekit_menu_item_icon_spacing": {
                                            "unit": "px",
                                            "top": "0",
                                            "right": "0",
                                            "bottom": "0",
                                            "left": "0",
                                            "isLinked": false
                                        },
                                        "elementskit_menu_text_border_radius": {
                                            "unit": "px",
                                            "top": "0",
                                            "right": "0",
                                            "bottom": "0",
                                            "left": "0",
                                            "isLinked": false
                                        },
                                        "elementskit_menu_item_spacing": {
                                            "unit": "px",
                                            "top": "0",
                                            "right": "16",
                                            "bottom": "0",
                                            "left": "16",
                                            "isLinked": false
                                        },
                                        "elementskit_menu_item_margin": {
                                            "unit": "px",
                                            "top": "0",
                                            "right": "0",
                                            "bottom": "0",
                                            "left": "0",
                                            "isLinked": false
                                        },
                                        "ekit_submenu_indicator_font_size": {
                                            "unit": "px",
                                            "size": 12,
                                            "sizes": []
                                        },
                                        "ekit_submenu_indicator_spacing": {
                                            "unit": "px",
                                            "top": "2",
                                            "right": "0",
                                            "bottom": "0",
                                            "left": "4",
                                            "isLinked": false
                                        },
                                        "elementskit_submenu_container_width": "220px",
                                        "__globals__": {
                                            "elementskit_menu_text_color": "globals\/colors?id=86a6e95",
                                            "elementskit_item_color_hover": "globals\/colors?id=primary",
                                            "elementskit_nav_menu_active_text_color": "globals\/colors?id=f7b8ebd",
                                            "elementskit_style_tab_submenu_indicator_color": "globals\/colors?id=86a6e95",
                                            "elementskit_content_typography_typography": "globals\/typography?id=text",
                                            "elementskit_menu_item_typography_typography": "globals\/typography?id=text",
                                            "elementskit_submenu_item_color": "globals\/colors?id=86a6e95",
                                            "elementskit_menu_item_background_color": "globals\/colors?id=6af2490",
                                            "elementskit_item_text_color_hover": "globals\/colors?id=primary",
                                            "elementskit_nav_sub_menu_active_text_color": "globals\/colors?id=f7b8ebd",
                                            "elementskit_submenu_container_background_color": "globals\/colors?id=6af2490",
                                            "wrapper_color_mobile_tablet": "globals\/colors?id=6af2490",
                                            "elementskit_menu_toggle_icon_color": "globals\/colors?id=86a6e95",
                                            "elementskit_menu_toggle_background_color": "globals\/colors?id=accent",
                                            "elementskit_menu_toggle_background_hover_color": "globals\/colors?id=accent",
                                            "elementskit_menu_toggle_icon_color_hover": "globals\/colors?id=primary",
                                            "elementskit_menu_close_background_color": "globals\/colors?id=accent",
                                            "elementskit_menu_close_icon_color": "globals\/colors?id=86a6e95",
                                            "elementskit_menu_close_typography_typography": "globals\/typography?id=df2a5ce",
                                            "elementskit_menu_close_background_hover_color": "globals\/colors?id=accent",
                                            "elementskit_menu_close_icon_color_hover": "globals\/colors?id=primary",
                                            "elementskit_menu_text_color_tablet": "globals\/colors?id=86a6e95",
                                            "elementskit_item_color_hover_tablet": "globals\/colors?id=primary",
                                            "elementskit_nav_menu_active_text_color_tablet": "globals\/colors?id=f7b8ebd"
                                        },
                                        "elementskit_nav_menu_logo": {
                                            "url": "https:\/\/flex.heydenstd.com\/creastic\/wp-content\/uploads\/sites\/4\/2024\/12\/Logo-Creastic.png",
                                            "id": 110,
                                            "size": "",
                                            "alt": "",
                                            "source": "library"
                                        },
                                        "elementskit_hamburger_icon": {
                                            "value": "icon icon-menu-11",
                                            "library": "ekiticons"
                                        },
                                        "elementskit_mobile_menu_panel_spacing_tablet": {
                                            "unit": "px",
                                            "top": "0",
                                            "right": "0",
                                            "bottom": "0",
                                            "left": "0",
                                            "isLinked": true
                                        },
                                        "elementskit_mobile_menu_panel_width_tablet": {
                                            "unit": "%",
                                            "size": 60,
                                            "sizes": []
                                        },
                                        "elementskit_mobile_menu_panel_width_mobile": {
                                            "unit": "%",
                                            "size": 80,
                                            "sizes": []
                                        },
                                        "elementskit_menu_item_spacing_tablet": {
                                            "unit": "px",
                                            "top": "8",
                                            "right": "0",
                                            "bottom": "8",
                                            "left": "0",
                                            "isLinked": false
                                        },
                                        "elementskit_menu_item_margin_tablet": {
                                            "unit": "px",
                                            "top": "0",
                                            "right": "32",
                                            "bottom": "0",
                                            "left": "32",
                                            "isLinked": false
                                        },
                                        "ekit_submenu_indicator_spacing_tablet": {
                                            "unit": "px",
                                            "top": "0",
                                            "right": "0",
                                            "bottom": "0",
                                            "left": "64",
                                            "isLinked": false
                                        },
                                        "elementskit_submenu_item_spacing": {
                                            "unit": "px",
                                            "top": "8",
                                            "right": "0",
                                            "bottom": "8",
                                            "left": "0",
                                            "isLinked": false
                                        },
                                        "elementskit_submenu_item_spacing_tablet": {
                                            "unit": "px",
                                            "top": "8",
                                            "right": "8",
                                            "bottom": "8",
                                            "left": "24",
                                            "isLinked": false
                                        },
                                        "elementskit_menu_item_background_background": "classic",
                                        "sub_panel_padding": {
                                            "unit": "px",
                                            "top": "20",
                                            "right": "20",
                                            "bottom": "20",
                                            "left": "20",
                                            "isLinked": true
                                        },
                                        "sub_panel_padding_tablet": {
                                            "unit": "px",
                                            "top": "0",
                                            "right": "0",
                                            "bottom": "0",
                                            "left": "0",
                                            "isLinked": false
                                        },
                                        "elementskit_panel_submenu_border_border": "none",
                                        "elementskit_submenu_container_background_background": "classic",
                                        "elementskit_submenu_panel_border_radius": {
                                            "unit": "px",
                                            "top": "8",
                                            "right": "8",
                                            "bottom": "8",
                                            "left": "8",
                                            "isLinked": true
                                        },
                                        "elementskit_menu_toggle_spacing_tablet": {
                                            "unit": "px",
                                            "top": "5",
                                            "right": "0",
                                            "bottom": "0",
                                            "left": "0",
                                            "isLinked": false
                                        },
                                        "elementskit_menu_toggle_width_tablet": {
                                            "unit": "px",
                                            "size": 48,
                                            "sizes": []
                                        },
                                        "elementskit_menu_toggle_border_radius_tablet": {
                                            "unit": "px",
                                            "size": 0,
                                            "sizes": []
                                        },
                                        "elementskit_menu_open_typography_tablet": {
                                            "unit": "px",
                                            "size": 28,
                                            "sizes": []
                                        },
                                        "elementskit_menu_toggle_background_background": "classic",
                                        "elementskit_menu_toggle_border_border": "none",
                                        "elementskit_menu_toggle_background_hover_background": "classic",
                                        "elementskit_menu_toggle_border_hover_border": "none",
                                        "elementskit_menu_close_spacing_tablet": {
                                            "unit": "px",
                                            "top": "0",
                                            "right": "0",
                                            "bottom": "0",
                                            "left": "0",
                                            "isLinked": true
                                        },
                                        "elementskit_menu_close_margin_tablet": {
                                            "unit": "px",
                                            "top": "32",
                                            "right": "32",
                                            "bottom": "32",
                                            "left": "32",
                                            "isLinked": true
                                        },
                                        "elementskit_menu_close_width_tablet": {
                                            "unit": "px",
                                            "size": 48,
                                            "sizes": []
                                        },
                                        "elementskit_menu_close_border_radius_tablet": {
                                            "unit": "px",
                                            "size": 0,
                                            "sizes": []
                                        },
                                        "elementskit_menu_close_background_background": "classic",
                                        "elementskit_menu_close_border_border": "none",
                                        "elementskit_menu_close_background_hover_background": "classic",
                                        "elementskit_menu_close_border_hover_border": "none",
                                        "elementskit_mobile_menu_logo_width_tablet": {
                                            "unit": "px",
                                            "size": 150,
                                            "sizes": []
                                        },
                                        "elementskit_mobile_menu_logo_width_mobile": {
                                            "unit": "px",
                                            "size": 130,
                                            "sizes": []
                                        },
                                        "elementskit_mobile_menu_logo_margin_tablet": {
                                            "unit": "px",
                                            "top": "32",
                                            "right": "32",
                                            "bottom": "32",
                                            "left": "32",
                                            "isLinked": "false"
                                        },
                                        "elementskit_mobile_menu_logo_margin_mobile": {
                                            "unit": "px",
                                            "top": "32",
                                            "right": "32",
                                            "bottom": "32",
                                            "left": "32",
                                            "isLinked": false
                                        },
                                        "elementskit_mobile_menu_logo_padding_tablet": {
                                            "unit": "px",
                                            "top": "0",
                                            "right": "0",
                                            "bottom": "0",
                                            "left": "0",
                                            "isLinked": "true"
                                        },
                                        "_margin_mobile": {
                                            "unit": "px",
                                            "top": "0",
                                            "right": "-10",
                                            "bottom": "0",
                                            "left": "0",
                                            "isLinked": false
                                        }
                                    },
                                    "elements": [],
                                    "isInner": false,
                                    "widgetType": "ekit-nav-menu",
                                    "elType": "widget"
                                },
                                {
                                    "id": "67dda1db",
                                    "settings": {
                                        "text": "Let's Talk",
                                        "icon_align": "row-reverse",
                                        "typography_typography": "custom",
                                        "typography_font_family": "Syne",
                                        "typography_font_size": {
                                            "unit": "px",
                                            "size": 16,
                                            "sizes": []
                                        },
                                        "typography_font_weight": "500",
                                        "typography_text_transform": "capitalize",
                                        "typography_text_decoration": "none",
                                        "typography_line_height": {
                                            "unit": "px",
                                            "size": 26,
                                            "sizes": []
                                        },
                                        "border_radius": {
                                            "unit": "px",
                                            "top": "32",
                                            "right": "32",
                                            "bottom": "32",
                                            "left": "32",
                                            "isLinked": true
                                        },
                                        "text_padding": {
                                            "unit": "px",
                                            "top": "12",
                                            "right": "24",
                                            "bottom": "12",
                                            "left": "24",
                                            "isLinked": false
                                        },
                                        "button_icon_size": {
                                            "unit": "px",
                                            "size": 16,
                                            "sizes": [],
                                            "value": ""
                                        },
                                        "__globals__": {
                                            "button_text_color": "globals\/colors?id=86a6e95",
                                            "background_color": "globals\/colors?id=primary",
                                            "hover_color": "globals\/colors?id=86a6e95",
                                            "button_background_hover_color": "globals\/colors?id=f7b8ebd"
                                        },
                                        "hide_mobile": "hidden-mobile"
                                    },
                                    "elements": [],
                                    "isInner": false,
                                    "widgetType": "button",
                                    "elType": "widget"
                                }
                            ],
                            "isInner": true,
                            "elType": "container"
                        }
                    ],
                    "isInner": true,
                    "elType": "container"
                }
            ],
            "isInner": false,
            "elType": "container"
        }
    ]
}