{"last_tab":"","main_logo":{"url":"","id":"","height":"","width":"","thumbnail":""},"logo_dimensions":{"width":"","height":"","units":"px"},"nexta_mobile_logo":{"url":"","id":"","height":"","width":"","thumbnail":""},"nexta_mobile_logo_dimensions":{"width":"","height":"","units":"px"},"enable_back_to_top":"1","enable_title_animation":"enable","nexta_enable_rtl":"disable","enable_preloader":"1","loading_text":"NEXTA","preloader_small_typo":{"font-family":"","font-options":"","google":"1","font-weight":"","font-style":"","subsets":"","font-size":"","line-height":"","color":""},"pagetitle_bg_image":{"url":"https:\/\/nexta.themevally.com\/wp-content\/uploads\/2025\/01\/breadcrumb.jpg","id":"2370","height":"561","width":"1920","thumbnail":"https:\/\/nexta.themevally.com\/wp-content\/uploads\/2025\/01\/breadcrumb-150x150.jpg"},"pagebanner_title_typo":{"font-family":"","font-options":"","google":"1","font-weight":"","font-style":"","subsets":"","text-align":"","font-size":"","line-height":"","color":""},"pagebanner_breadcrumb_typo":{"font-family":"","font-options":"","google":"1","font-weight":"","font-style":"","subsets":"","text-align":"","font-size":"","line-height":"","color":""},"banner_padding":{"units":"px","padding-top":"","padding-right":"","padding-bottom":"","padding-left":""},"page_banner_bg_color":"","page_title_tag":"h1","nexta_social_target":"_blank","twitter_url":"#","facebook_url":"#","instagram_url":"#","linkedin_url":"#","pinterest_url":"","whatsapp_url":"","tiktok_url":"","dribbble_url":"","tumblr_url":"","youtube_url":"","flickr_url":"","behance_url":"","github_url":"","skype_url":"","rss_url":"","products_page_count":"6","hide_product_banner":"0","hide_product_breadcrumb":"0","product_sidebar":"left-sidebar","enable_product_meta":"1","des_tab_title":"Description","review_tab_title":"Reviews","primary_color":"#E3572B","primary_color2":"#C2DF93","primary_color3":"#ECF8F8","dark_color":"#063232","dark_color2":"#053131","dark_color3":"#114F4F","gray_color":"#5A7779","white_color":"#FFFFFF","hide_blog_banner":"0","blog_bg":{"url":"","id":"","height":"","width":"","thumbnail":""},"blog_title":"","hide_breadcrumb":"0","nexta_blog_layout":"container","nexta_blog_single_layout":"container","nexta_blog_grid":"col-lg-12 col-md-12","nexta_blog_sidebar":"nexta_with_sidebar","nexta_single_blog_sidebar":"nexta_with_sidebar","read_more":"Read More","primary_typography":{"font-family":"","font-options":"","google":"1","font-backup":"","subsets":""},"css_code":"","js_code":"","google_analytics_code":"","google_analytics_code_body":"","not_found_image":{"url":"https:\/\/nexta.themevally.com\/wp-content\/uploads\/2025\/01\/404.jpg","id":"2522","height":"950","width":"960","thumbnail":"https:\/\/nexta.themevally.com\/wp-content\/uploads\/2025\/01\/404-150x150.jpg"},"title_not_found":"404","title2_not_found":"Opps! Something wrong","content_not_found":"Collaboratively supply bricks-and-clicks metrics for maintainable users <br>\r\nreinvent unique value for just in time consult.\r\n","button_not_found":"Back To Home","redux-backup":1}