{"sidebar_default":{"recent-posts-3":{"title":"Latest Articles","number":10,"show_date":false},"custom-divider-4":{"divider":1,"divider_bdr":"solid"},"custom-popular-projects-1":{"title":"Recommended","type":"lifestyle","number":3,"autoplay":0},"custom-divider-1":{"divider":1,"divider_bdr":"solid"},"custom-most-popular-posts-2":{"title":"Most Popular","number":5},"custom-divider-2":{"divider":1,"divider_bdr":"solid"},"tag_cloud-1":{"title":"Top Searches","count":0,"taxonomy":"post_tag"}},"sidebar_bottom":{"text-5":{"title":"","text":"<img src=\"http:\/\/the-newspaper.cmsmasters.net\/wp-content\/uploads\/2017\/09\/logo-bottom-sidebar.png\" alt=\"logo\" width=\"210\" height=\"62\" \/>\r\n<ul class=\"cmsmasters_bottom_sidebar_list\">\r\n \t<li><a href=\"http:\/\/vintage.the-newspaper.cmsmasters.net\/contacts\/\">Reader Center<\/a><\/li>\r\n \t<li><a href=\"http:\/\/vintage.the-newspaper.cmsmasters.net\/contacts\/\">Tools &amp; Services<\/a><\/li>\r\n \t<li><a href=\"http:\/\/vintage.the-newspaper.cmsmasters.net\/standard-blog\/\">Times Topics<\/a><\/li>\r\n \t<li><a href=\"http:\/\/vintage.the-newspaper.cmsmasters.net\/politics\/\">T.N. Events Guide<\/a><\/li>\r\n \t<li><a href=\"http:\/\/vintage.the-newspaper.cmsmasters.net\/category\/travel\/\">Times Journeys<\/a><\/li>\r\n \t<li><a href=\"http:\/\/vintage.the-newspaper.cmsmasters.net\/contacts\/\">Subscribe The Newspaper<\/a><\/li>\r\n \t<li><a href=\"http:\/\/vintage.the-newspaper.cmsmasters.net\/contacts\/\">Our Contacts<\/a><\/li>\r\n<\/ul>","filter":true,"visual":true},"text-3":{"title":"News","text":"<ul class=\"cmsmasters_bottom_sidebar_list\">\r\n \t<li><a href=\"http:\/\/vintage.the-newspaper.cmsmasters.net\/category\/arts\/\">Arts<\/a><\/li>\r\n \t<li><a href=\"http:\/\/vintage.the-newspaper.cmsmasters.net\/category\/economy\/\">Economy<\/a><\/li>\r\n \t<li><a href=\"http:\/\/vintage.the-newspaper.cmsmasters.net\/category\/fashion-style\/\">Fashion &amp; Style<\/a><\/li>\r\n \t<li><a href=\"http:\/\/vintage.the-newspaper.cmsmasters.net\/category\/food\/\">Food<\/a><\/li>\r\n \t<li><a href=\"http:\/\/vintage.the-newspaper.cmsmasters.net\/category\/health\/\">Health<\/a><\/li>\r\n \t<li><a href=\"http:\/\/vintage.the-newspaper.cmsmasters.net\/category\/lifestyle\/\">Lifestyle<\/a><\/li>\r\n \t<li><a href=\"http:\/\/vintage.the-newspaper.cmsmasters.net\/category\/politics\/\">Politics<\/a><\/li>\r\n \t<li><a href=\"http:\/\/vintage.the-newspaper.cmsmasters.net\/category\/science\/\">Science<\/a><\/li>\r\n \t<li><a href=\"http:\/\/vintage.the-newspaper.cmsmasters.net\/category\/sports\/\">Sports<\/a><\/li>\r\n \t<li><a href=\"http:\/\/vintage.the-newspaper.cmsmasters.net\/category\/technology\/\">Technology<\/a><\/li>\r\n \t<li><a href=\"http:\/\/vintage.the-newspaper.cmsmasters.net\/category\/travel\/\">Travel<\/a><\/li>\r\n<\/ul>","filter":true,"visual":true},"text-6":{"title":"Opinion","text":"<ul class=\"cmsmasters_bottom_sidebar_list\">\r\n \t<li><a href=\"http:\/\/vintage.the-newspaper.cmsmasters.net\/the-opinion-pages\/\">Today's Opinion<\/a><\/li>\r\n \t<li><a href=\"http:\/\/vintage.the-newspaper.cmsmasters.net\/the-opinion-pages\/\">Op-Ed Columnists<\/a><\/li>\r\n \t<li><a href=\"http:\/\/vintage.the-newspaper.cmsmasters.net\/the-opinion-pages\/\">Editorials<\/a><\/li>\r\n \t<li><a href=\"http:\/\/vintage.the-newspaper.cmsmasters.net\/the-opinion-pages\/\">Contributing Writers<\/a><\/li>\r\n \t<li><a href=\"http:\/\/vintage.the-newspaper.cmsmasters.net\/the-opinion-pages\/\">Op-Ed Contributors<\/a><\/li>\r\n \t<li><a href=\"http:\/\/vintage.the-newspaper.cmsmasters.net\/the-opinion-pages\/\">Opinionator<\/a><\/li>\r\n \t<li><a href=\"http:\/\/vintage.the-newspaper.cmsmasters.net\/the-opinion-pages\/\">Letters<\/a><\/li>\r\n \t<li><a href=\"http:\/\/vintage.the-newspaper.cmsmasters.net\/the-opinion-pages\/\">Sunday Review<\/a><\/li>\r\n \t<li><a href=\"http:\/\/vintage.the-newspaper.cmsmasters.net\/the-opinion-pages\/\">Taking Note<\/a><\/li>\r\n \t<li><a href=\"http:\/\/vintage.the-newspaper.cmsmasters.net\/the-opinion-pages\/\">Room for Debate<\/a><\/li>\r\n \t<li><a href=\"http:\/\/vintage.the-newspaper.cmsmasters.net\/the-opinion-pages\/\">Public Editor<\/a><\/li>\r\n<\/ul>","filter":true,"visual":true},"text-4":{"title":"Most Popular","text":"<ul class=\"cmsmasters_bottom_sidebar_list\">\r\n \t<li><a href=\"http:\/\/vintage.the-newspaper.cmsmasters.net\/tag\/art-design\/\">Art &amp; Design<\/a><\/li>\r\n \t<li><a href=\"http:\/\/vintage.the-newspaper.cmsmasters.net\/tag\/world\/\">World<\/a><\/li>\r\n \t<li><a href=\"http:\/\/vintage.the-newspaper.cmsmasters.net\/tag\/blog\/\">Blog<\/a><\/li>\r\n \t<li><a href=\"http:\/\/vintage.the-newspaper.cmsmasters.net\/tag\/business\/\">Business<\/a><\/li>\r\n \t<li><a href=\"http:\/\/vintage.the-newspaper.cmsmasters.net\/tag\/culture\/\">Culture<\/a><\/li>\r\n \t<li><a href=\"http:\/\/vintage.the-newspaper.cmsmasters.net\/tag\/lifestyle\/\">Lifestyle<\/a><\/li>\r\n \t<li><a href=\"http:\/\/vintage.the-newspaper.cmsmasters.net\/tag\/n-y\/\">N.Y.<\/a><\/li>\r\n \t<li><a href=\"http:\/\/vintage.the-newspaper.cmsmasters.net\/tag\/newspaper\/\">Newspaper<\/a><\/li>\r\n \t<li><a href=\"http:\/\/vintage.the-newspaper.cmsmasters.net\/tag\/photos\/\">Photos<\/a><\/li>\r\n \t<li><a href=\"http:\/\/vintage.the-newspaper.cmsmasters.net\/tag\/post\/\">Post<\/a><\/li>\r\n<\/ul>","filter":true,"visual":true}},"opinion":{"text-7":{"title":"Opinion","text":"<a href=\"http:\/\/vintage.the-newspaper.cmsmasters.net\/the-opinion-pages\/\">Today's Opinion<\/a>\r\n<a href=\"http:\/\/vintage.the-newspaper.cmsmasters.net\/the-opinion-pages\/\">Op-Ed Columnists<\/a>\r\n<a href=\"http:\/\/vintage.the-newspaper.cmsmasters.net\/the-opinion-pages\/\">Editorials<\/a>\r\n<a href=\"http:\/\/vintage.the-newspaper.cmsmasters.net\/the-opinion-pages\/\">Contributing Writers<\/a>\r\n<a href=\"http:\/\/vintage.the-newspaper.cmsmasters.net\/the-opinion-pages\/\">Op-Ed Contributors<\/a>\r\n<a href=\"http:\/\/vintage.the-newspaper.cmsmasters.net\/the-opinion-pages\/\">Opinionator<\/a>\r\n<a href=\"http:\/\/vintage.the-newspaper.cmsmasters.net\/the-opinion-pages\/\">Letters<\/a>\r\n<a href=\"http:\/\/vintage.the-newspaper.cmsmasters.net\/the-opinion-pages\/\">Sunday Review<\/a>\r\n<a href=\"http:\/\/vintage.the-newspaper.cmsmasters.net\/the-opinion-pages\/\">Taking Note<\/a>\r\n<a href=\"http:\/\/vintage.the-newspaper.cmsmasters.net\/the-opinion-pages\/\">Room for Debate<\/a>\r\n<a href=\"http:\/\/vintage.the-newspaper.cmsmasters.net\/the-opinion-pages\/\">Public Editor<\/a>","filter":true,"visual":true}},"recent-posts":{"recent-posts-2":{"title":"Latest Articles","number":10,"show_date":false}}}