{
    "version": "0.4",
    "title": "404",
    "type": "page",
    "metadata": {
        "template_type": "single-page",
        "include_in_zip": "1",
        "elementor_pro_required": null,
        "wp_page_template": "elementor_header_footer"
    },
    "content": [
        {
            "id": "46ce19ed",
            "settings": {
                "flex_direction": "row",
                "background_background": "classic",
                "margin": {
                    "unit": "px",
                    "top": "0",
                    "right": "0",
                    "bottom": "0",
                    "left": "0",
                    "isLinked": false
                },
                "padding": {
                    "unit": "px",
                    "top": "50",
                    "right": "0",
                    "bottom": "50",
                    "left": "0",
                    "isLinked": false
                },
                "_title": "Hero",
                "__globals__": {
                    "background_color": "globals\/colors?id=text"
                },
                "padding_tablet": {
                    "unit": "px",
                    "top": "50",
                    "right": "30",
                    "bottom": "50",
                    "left": "30",
                    "isLinked": false
                }
            },
            "elements": [
                {
                    "id": "752b625e",
                    "settings": {
                        "content_width": "full",
                        "flex_direction": "row",
                        "flex_gap": {
                            "column": "50",
                            "row": "50",
                            "isLinked": true,
                            "unit": "px",
                            "size": 50
                        },
                        "margin": {
                            "unit": "px",
                            "top": "0",
                            "right": "0",
                            "bottom": "0",
                            "left": "0",
                            "isLinked": true
                        },
                        "padding": {
                            "unit": "px",
                            "top": "0",
                            "right": "0",
                            "bottom": "0",
                            "left": "0",
                            "isLinked": true
                        }
                    },
                    "elements": [
                        {
                            "id": "3a8c2cb7",
                            "settings": {
                                "content_width": "full",
                                "flex_direction": "column",
                                "margin": {
                                    "unit": "px",
                                    "top": "15",
                                    "right": "0",
                                    "bottom": "0",
                                    "left": "0",
                                    "isLinked": false
                                },
                                "padding": {
                                    "unit": "px",
                                    "top": "0",
                                    "right": "0",
                                    "bottom": "0",
                                    "left": "0",
                                    "isLinked": true
                                },
                                "_title": "Content",
                                "margin_tablet": {
                                    "unit": "px",
                                    "top": "0",
                                    "right": "0",
                                    "bottom": "0",
                                    "left": "0",
                                    "isLinked": true
                                }
                            },
                            "elements": [
                                {
                                    "id": "742b376f",
                                    "settings": {
                                        "content_width": "full",
                                        "flex_direction": "column",
                                        "flex_gap": {
                                            "column": "0",
                                            "row": "0",
                                            "isLinked": true,
                                            "unit": "px",
                                            "size": 0
                                        },
                                        "margin": {
                                            "unit": "px",
                                            "top": "0",
                                            "right": "0",
                                            "bottom": "0",
                                            "left": "0",
                                            "isLinked": false
                                        },
                                        "padding": {
                                            "unit": "px",
                                            "top": "0",
                                            "right": "0",
                                            "bottom": "0",
                                            "left": "0",
                                            "isLinked": true
                                        },
                                        "_title": "Container",
                                        "flex_gap_mobile": {
                                            "column": "20",
                                            "row": "20",
                                            "isLinked": true,
                                            "unit": "px",
                                            "size": 20
                                        }
                                    },
                                    "elements": [
                                        {
                                            "id": "327269b6",
                                            "settings": {
                                                "ekit_heading_title": "404",
                                                "ekit_heading_sub_title_show": "yes",
                                                "ekit_heading_sub_title": "Page not found",
                                                "ekit_heading_sub_title_tag": "div",
                                                "shadow_text_content": "bussiness",
                                                "ekit_heading_show_seperator": "",
                                                "ekit_heading_title_align": "text_center",
                                                "ekit_heading_focused_title_color": "",
                                                "ekit_heading_focused_title_color_hover": "",
                                                "_padding": {
                                                    "unit": "px",
                                                    "top": "15",
                                                    "right": "22",
                                                    "bottom": "15",
                                                    "left": "22",
                                                    "isLinked": false
                                                },
                                                "_background_background": "classic",
                                                "_background_color": "#1A1A1A",
                                                "_border_radius": {
                                                    "unit": "px",
                                                    "top": "20",
                                                    "right": "20",
                                                    "bottom": "20",
                                                    "left": "20",
                                                    "isLinked": true
                                                },
                                                "__globals__": {
                                                    "_background_color": "globals\/colors?id=primary",
                                                    "ekit_heading_title_typography_typography": "globals\/typography?id=6d03760",
                                                    "ekit_heading_title_color": "globals\/colors?id=text",
                                                    "ekit_heading_sub_title_typography_typography": "globals\/typography?id=5140fe4",
                                                    "ekit_heading_sub_title_color": "globals\/colors?id=text"
                                                },
                                                "ekit_heading_title_color": "#F0F0F0",
                                                "ekit_heading_title_margin": {
                                                    "unit": "px",
                                                    "top": "0",
                                                    "right": "0",
                                                    "bottom": "-15",
                                                    "left": "0",
                                                    "isLinked": false
                                                },
                                                "ekit_heading_sub_title_color": "#F0F0F0",
                                                "ekit_heading_sub_title_typography_typography": "custom",
                                                "ekit_heading_sub_title_typography_font_family": "Inter",
                                                "ekit_heading_sub_title_typography_font_size": {
                                                    "unit": "em",
                                                    "size": 1,
                                                    "sizes": []
                                                },
                                                "ekit_heading_sub_title_typography_font_weight": "400",
                                                "ekit_heading_sub_title_typography_line_height": {
                                                    "unit": "em",
                                                    "size": 2,
                                                    "sizes": []
                                                },
                                                "_margin": {
                                                    "unit": "px",
                                                    "top": "0",
                                                    "right": "-6",
                                                    "bottom": "0",
                                                    "left": "86",
                                                    "isLinked": false
                                                },
                                                "_element_width": "initial",
                                                "_element_custom_width": {
                                                    "unit": "%",
                                                    "size": 35,
                                                    "sizes": []
                                                },
                                                "_flex_align_self": "flex-start",
                                                "ekit_heading_title_tag": "div",
                                                "_margin_tablet": {
                                                    "unit": "px",
                                                    "top": "0",
                                                    "right": "0",
                                                    "bottom": "0",
                                                    "left": "54",
                                                    "isLinked": false
                                                },
                                                "_padding_tablet": {
                                                    "unit": "px",
                                                    "top": "5",
                                                    "right": "0",
                                                    "bottom": "5",
                                                    "left": "0",
                                                    "isLinked": false
                                                },
                                                "_element_custom_width_tablet": {
                                                    "unit": "%",
                                                    "size": 35,
                                                    "sizes": []
                                                },
                                                "_element_custom_width_mobile": {
                                                    "unit": "%",
                                                    "size": 100,
                                                    "sizes": []
                                                },
                                                "_margin_mobile": {
                                                    "unit": "px",
                                                    "top": "0",
                                                    "right": "0",
                                                    "bottom": "0",
                                                    "left": "0",
                                                    "isLinked": true
                                                },
                                                "ekit_heading_title_margin_mobile": {
                                                    "unit": "px",
                                                    "top": "0",
                                                    "right": "0",
                                                    "bottom": "-10",
                                                    "left": "0",
                                                    "isLinked": false
                                                },
                                                "_padding_mobile": {
                                                    "unit": "px",
                                                    "top": "10",
                                                    "right": "10",
                                                    "bottom": "10",
                                                    "left": "10",
                                                    "isLinked": true
                                                }
                                            },
                                            "elements": [],
                                            "isInner": false,
                                            "widgetType": "elementskit-heading",
                                            "elType": "widget"
                                        },
                                        {
                                            "id": "7108b1e",
                                            "settings": {
                                                "image": {
                                                    "url": "http:\/\/thanksfortoday.studio\/axistudio\/wp-content\/uploads\/sites\/39\/2024\/04\/ui-and-ux-user-interface-user-experience-design-2023-11-27-04-49-01-utc-crop.jpg",
                                                    "id": 1503,
                                                    "size": "",
                                                    "alt": "",
                                                    "source": "library"
                                                },
                                                "image_size": "full",
                                                "_margin": {
                                                    "unit": "px",
                                                    "top": "-164",
                                                    "right": "0",
                                                    "bottom": "0",
                                                    "left": "0",
                                                    "isLinked": false
                                                },
                                                "_padding": {
                                                    "unit": "px",
                                                    "top": "0",
                                                    "right": "0",
                                                    "bottom": "0",
                                                    "left": "0",
                                                    "isLinked": false
                                                },
                                                "_flex_align_self": "flex-start",
                                                "_mask_switch": "yes",
                                                "_mask_shape": "custom",
                                                "_mask_image": {
                                                    "url": "http:\/\/thanksfortoday.studio\/axistudio\/wp-content\/uploads\/sites\/39\/2024\/04\/Rectangle-18.png",
                                                    "id": 1476,
                                                    "size": "",
                                                    "alt": "",
                                                    "source": "library"
                                                },
                                                "_mask_position": "top center",
                                                "_margin_tablet": {
                                                    "unit": "px",
                                                    "top": "-96",
                                                    "right": "0",
                                                    "bottom": "0",
                                                    "left": "0",
                                                    "isLinked": false
                                                },
                                                "_margin_mobile": {
                                                    "unit": "px",
                                                    "top": "0",
                                                    "right": "0",
                                                    "bottom": "0",
                                                    "left": "0",
                                                    "isLinked": true
                                                },
                                                "_mask_size_mobile": "contain",
                                                "_mask_size_scale_mobile": {
                                                    "unit": "px",
                                                    "size": 500,
                                                    "sizes": []
                                                },
                                                "_mask_position_mobile": "center center"
                                            },
                                            "elements": [],
                                            "isInner": false,
                                            "widgetType": "image",
                                            "elType": "widget"
                                        },
                                        {
                                            "id": "48b04c5d",
                                            "settings": {
                                                "content_width": "full",
                                                "width": {
                                                    "unit": "%",
                                                    "size": 44,
                                                    "sizes": []
                                                },
                                                "flex_align_items": "center",
                                                "flex_gap": {
                                                    "column": "5",
                                                    "row": "5",
                                                    "isLinked": true,
                                                    "unit": "px",
                                                    "size": 5
                                                },
                                                "background_background": "classic",
                                                "border_radius": {
                                                    "unit": "px",
                                                    "top": "20",
                                                    "right": "20",
                                                    "bottom": "20",
                                                    "left": "20",
                                                    "isLinked": true
                                                },
                                                "padding": {
                                                    "unit": "px",
                                                    "top": "31",
                                                    "right": "28",
                                                    "bottom": "31",
                                                    "left": "28",
                                                    "isLinked": false
                                                },
                                                "_flex_align_self": "flex-end",
                                                "__globals__": {
                                                    "background_color": "globals\/colors?id=primary"
                                                },
                                                "margin": {
                                                    "unit": "px",
                                                    "top": "-133",
                                                    "right": "84",
                                                    "bottom": "0",
                                                    "left": "0",
                                                    "isLinked": false
                                                },
                                                "margin_tablet": {
                                                    "unit": "px",
                                                    "top": "-86",
                                                    "right": "50",
                                                    "bottom": "0",
                                                    "left": "0",
                                                    "isLinked": false
                                                },
                                                "width_tablet": {
                                                    "unit": "%",
                                                    "size": "",
                                                    "sizes": []
                                                },
                                                "width_mobile": {
                                                    "unit": "%",
                                                    "size": "",
                                                    "sizes": []
                                                },
                                                "flex_gap_tablet": {
                                                    "column": "0",
                                                    "row": "0",
                                                    "isLinked": true,
                                                    "unit": "px",
                                                    "size": 0
                                                },
                                                "margin_mobile": {
                                                    "unit": "px",
                                                    "top": "0",
                                                    "right": "0",
                                                    "bottom": "0",
                                                    "left": "0",
                                                    "isLinked": true
                                                },
                                                "padding_tablet": {
                                                    "unit": "px",
                                                    "top": "8",
                                                    "right": "20",
                                                    "bottom": "2",
                                                    "left": "20",
                                                    "isLinked": false
                                                },
                                                "padding_mobile": {
                                                    "unit": "px",
                                                    "top": "20",
                                                    "right": "10",
                                                    "bottom": "10",
                                                    "left": "10",
                                                    "isLinked": false
                                                }
                                            },
                                            "elements": [
                                                {
                                                    "id": "70fc9e41",
                                                    "settings": {
                                                        "editor": "<p>Sorry we couldn't find the page you are looking for<\/p>",
                                                        "align": "center",
                                                        "__globals__": {
                                                            "typography_typography": "globals\/typography?id=5140fe4",
                                                            "text_color": "globals\/colors?id=text"
                                                        },
                                                        "text_color": "#F0F0F0",
                                                        "_margin": {
                                                            "unit": "px",
                                                            "top": "0",
                                                            "right": "0",
                                                            "bottom": "-12",
                                                            "left": "0",
                                                            "isLinked": false
                                                        },
                                                        "_padding": {
                                                            "unit": "px",
                                                            "top": "0",
                                                            "right": "0",
                                                            "bottom": "0",
                                                            "left": "0",
                                                            "isLinked": true
                                                        }
                                                    },
                                                    "elements": [],
                                                    "isInner": false,
                                                    "widgetType": "text-editor",
                                                    "elType": "widget"
                                                },
                                                {
                                                    "id": "710ad8da",
                                                    "settings": {
                                                        "text": "Back to Homepage",
                                                        "button_text_color": "#FF6016",
                                                        "background_color": "#1A1A1A",
                                                        "hover_color": "#F0F0F0",
                                                        "border_border": "solid",
                                                        "border_width": {
                                                            "unit": "px",
                                                            "top": "3",
                                                            "right": "3",
                                                            "bottom": "3",
                                                            "left": "3",
                                                            "isLinked": true
                                                        },
                                                        "__globals__": {
                                                            "button_text_color": "globals\/colors?id=secondary",
                                                            "background_color": "globals\/colors?id=primary",
                                                            "button_hover_border_color": "globals\/colors?id=secondary",
                                                            "hover_color": "globals\/colors?id=text",
                                                            "border_color": "globals\/colors?id=primary",
                                                            "typography_typography": "globals\/typography?id=5140fe4"
                                                        },
                                                        "selected_icon": {
                                                            "value": "jki jki-arrow-up-right-line",
                                                            "library": "jkiticon"
                                                        },
                                                        "icon_align": "right",
                                                        "text_padding": {
                                                            "unit": "px",
                                                            "top": "10",
                                                            "right": "10",
                                                            "bottom": "10",
                                                            "left": "10",
                                                            "isLinked": true
                                                        }
                                                    },
                                                    "elements": [],
                                                    "isInner": false,
                                                    "widgetType": "button",
                                                    "elType": "widget"
                                                }
                                            ],
                                            "isInner": true,
                                            "elType": "container"
                                        }
                                    ],
                                    "isInner": true,
                                    "elType": "container"
                                }
                            ],
                            "isInner": true,
                            "elType": "container"
                        }
                    ],
                    "isInner": true,
                    "elType": "container"
                }
            ],
            "isInner": false,
            "elType": "container"
        }
    ],
    "page_settings": {
        "hide_title": "yes",
        "template": "elementor_header_footer"
    }
}