{
    "version": "0.4",
    "title": "Blog",
    "type": "page",
    "metadata": {
        "template_type": "single-page",
        "include_in_zip": "1",
        "elementor_pro_required": null,
        "wp_page_template": "elementor_header_footer"
    },
    "content": [
        {
            "id": "294f44cf",
            "settings": {
                "flex_direction": "row",
                "background_background": "classic",
                "margin": {
                    "unit": "px",
                    "top": "0",
                    "right": "0",
                    "bottom": "0",
                    "left": "0",
                    "isLinked": false
                },
                "padding": {
                    "unit": "px",
                    "top": "50",
                    "right": "0",
                    "bottom": "50",
                    "left": "0",
                    "isLinked": false
                },
                "_title": "Hero",
                "__globals__": {
                    "background_color": "globals\/colors?id=text"
                },
                "padding_tablet": {
                    "unit": "px",
                    "top": "50",
                    "right": "30",
                    "bottom": "50",
                    "left": "30",
                    "isLinked": false
                },
                "padding_mobile": {
                    "unit": "px",
                    "top": "50",
                    "right": "20",
                    "bottom": "50",
                    "left": "20",
                    "isLinked": false
                }
            },
            "elements": [
                {
                    "id": "99d1daa",
                    "settings": {
                        "content_width": "full",
                        "flex_direction": "row",
                        "flex_gap": {
                            "column": "40",
                            "row": "40",
                            "isLinked": true,
                            "unit": "px",
                            "size": 40
                        },
                        "margin": {
                            "unit": "px",
                            "top": "0",
                            "right": "0",
                            "bottom": "0",
                            "left": "0",
                            "isLinked": true
                        },
                        "padding": {
                            "unit": "px",
                            "top": "0",
                            "right": "0",
                            "bottom": "0",
                            "left": "0",
                            "isLinked": true
                        },
                        "flex_direction_tablet": "column-reverse"
                    },
                    "elements": [
                        {
                            "id": "71bb4b23",
                            "settings": {
                                "content_width": "full",
                                "width": {
                                    "unit": "%",
                                    "size": 45,
                                    "sizes": []
                                },
                                "flex_direction": "column",
                                "margin": {
                                    "unit": "px",
                                    "top": "0",
                                    "right": "0",
                                    "bottom": "0",
                                    "left": "0",
                                    "isLinked": false
                                },
                                "padding": {
                                    "unit": "px",
                                    "top": "0",
                                    "right": "0",
                                    "bottom": "0",
                                    "left": "0",
                                    "isLinked": true
                                },
                                "_title": "Content",
                                "flex_gap": {
                                    "column": "0",
                                    "row": "0",
                                    "isLinked": true,
                                    "unit": "px",
                                    "size": 0
                                },
                                "width_tablet": {
                                    "unit": "%",
                                    "size": 100,
                                    "sizes": []
                                },
                                "width_mobile": {
                                    "unit": "%",
                                    "size": "",
                                    "sizes": []
                                },
                                "margin_mobile": {
                                    "unit": "px",
                                    "top": "0",
                                    "right": "0",
                                    "bottom": "-120",
                                    "left": "0",
                                    "isLinked": false
                                },
                                "padding_mobile": {
                                    "unit": "px",
                                    "top": "0",
                                    "right": "0",
                                    "bottom": "0",
                                    "left": "0",
                                    "isLinked": false
                                }
                            },
                            "elements": [
                                {
                                    "id": "30b8e66a",
                                    "settings": {
                                        "content_width": "full",
                                        "flex_direction": "row",
                                        "flex_gap": {
                                            "column": "0",
                                            "row": "0",
                                            "isLinked": true,
                                            "unit": "px",
                                            "size": 0
                                        },
                                        "margin": {
                                            "unit": "px",
                                            "top": "-20",
                                            "right": "0",
                                            "bottom": "-90",
                                            "left": "0",
                                            "isLinked": false
                                        },
                                        "padding": {
                                            "unit": "px",
                                            "top": "0",
                                            "right": "0",
                                            "bottom": "0",
                                            "left": "0",
                                            "isLinked": true
                                        },
                                        "_title": "Container",
                                        "margin_mobile": {
                                            "unit": "px",
                                            "top": "0",
                                            "right": "0",
                                            "bottom": "0",
                                            "left": "0",
                                            "isLinked": false
                                        },
                                        "padding_mobile": {
                                            "unit": "px",
                                            "top": "0",
                                            "right": "0",
                                            "bottom": "0",
                                            "left": "0",
                                            "isLinked": false
                                        }
                                    },
                                    "elements": [
                                        {
                                            "id": "26d4a904",
                                            "settings": {
                                                "ekit_blog_posts_layout_style": "elementskit-post-image-card",
                                                "ekit_blog_posts_column": "ekit-lg-12 ekit-md-12",
                                                "ekit_blog_posts_num": 1,
                                                "ekit_blog_posts_is_manual_selection": "yes",
                                                "ekit_blog_posts_manual_selection": [
                                                    "958"
                                                ],
                                                "ekit_blog_posts_cats": [
                                                    "4",
                                                    "8",
                                                    "6",
                                                    "5",
                                                    "3",
                                                    "7"
                                                ],
                                                "ekit_blog_posts_btn_text": "Learn more ",
                                                "ekit_blog_posts_feature_img_size_size": "full",
                                                "ekit_blog_posts_content": "",
                                                "ekit_blog_posts_read_more": "",
                                                "__globals__": {
                                                    "ekit_blog_posts_title_typography_typography": "globals\/typography?id=0f7eb76",
                                                    "ekit_blog_posts_background_color": "globals\/colors?id=text",
                                                    "ekit_blog_posts_title_color": "globals\/colors?id=931d684",
                                                    "ekit_blog_posts_meta_typography_typography": "globals\/typography?id=1bb472e",
                                                    "ekit_blog_posts_meta_color_normal": "globals\/colors?id=931d684"
                                                },
                                                "ekit_blog_posts_background_background": "classic",
                                                "ekit_blog_posts_shadow_box_shadow_type": "yes",
                                                "ekit_blog_posts_shadow_box_shadow": {
                                                    "horizontal": 0,
                                                    "vertical": 0,
                                                    "blur": 0,
                                                    "spread": 0,
                                                    "color": "rgba(0,0,0,0.5)"
                                                },
                                                "ekit_blog_posts_title_margin": {
                                                    "unit": "px",
                                                    "top": "-100",
                                                    "right": "0",
                                                    "bottom": "0",
                                                    "left": "0",
                                                    "isLinked": false
                                                },
                                                "_margin": {
                                                    "unit": "px",
                                                    "top": "0",
                                                    "right": "0",
                                                    "bottom": "0",
                                                    "left": "0",
                                                    "isLinked": true
                                                },
                                                "_padding": {
                                                    "unit": "px",
                                                    "top": "0",
                                                    "right": "0",
                                                    "bottom": "0",
                                                    "left": "0",
                                                    "isLinked": true
                                                },
                                                "ekit_blog_posts_background_color": "#F0F0F0",
                                                "ekit_blog_posts_title_typography_typography": "custom",
                                                "ekit_blog_posts_title_typography_font_family": "Inter",
                                                "ekit_blog_posts_title_typography_font_size": {
                                                    "unit": "em",
                                                    "size": 1.5,
                                                    "sizes": []
                                                },
                                                "ekit_blog_posts_title_typography_font_weight": "400",
                                                "ekit_blog_posts_title_typography_line_height": {
                                                    "unit": "px",
                                                    "size": 1.2,
                                                    "sizes": []
                                                },
                                                "ekit_blog_posts_title_shadow_text_shadow": {
                                                    "horizontal": 37,
                                                    "vertical": 100,
                                                    "blur": 64,
                                                    "color": "rgba(0,0,0,0.3)"
                                                },
                                                "ekit_blog_posts_title_position": "after_content",
                                                "ekit_blog_posts_meta_select": [
                                                    "date"
                                                ],
                                                "ekit_blog_posts_meta_date_icons": {
                                                    "value": "",
                                                    "library": ""
                                                },
                                                "ekit_blog_posts_meta_margin": {
                                                    "unit": "px",
                                                    "top": "-65",
                                                    "right": "0",
                                                    "bottom": "0",
                                                    "left": "0",
                                                    "isLinked": false
                                                },
                                                "ekit_blog_posts_meta_item_margin": {
                                                    "unit": "px",
                                                    "top": "0",
                                                    "right": "0",
                                                    "bottom": "0",
                                                    "left": "0",
                                                    "isLinked": true
                                                },
                                                "ekit_blog_posts_meta_padding": {
                                                    "unit": "px",
                                                    "top": "0",
                                                    "right": "0",
                                                    "bottom": "0",
                                                    "left": "0",
                                                    "isLinked": true
                                                },
                                                "ekit_blog_posts_meta_icon_padding": {
                                                    "unit": "px",
                                                    "top": "0",
                                                    "right": "0",
                                                    "bottom": "0",
                                                    "left": "0",
                                                    "isLinked": true
                                                },
                                                "ekit_blog_posts_meta_color_normal": "#FAFAFA",
                                                "ekit_blog_posts_title_color": "#FAFAFA",
                                                "ekit_blog_posts_meta_margin_tablet": {
                                                    "unit": "px",
                                                    "top": "-70",
                                                    "right": "0",
                                                    "bottom": "0",
                                                    "left": "0",
                                                    "isLinked": false
                                                },
                                                "_margin_mobile": {
                                                    "unit": "px",
                                                    "top": "0",
                                                    "right": "5",
                                                    "bottom": "0",
                                                    "left": "0",
                                                    "isLinked": false
                                                },
                                                "_element_width_tablet": "initial",
                                                "_element_custom_width_tablet": {
                                                    "unit": "%",
                                                    "size": "",
                                                    "sizes": []
                                                },
                                                "_element_custom_width_mobile": {
                                                    "unit": "%",
                                                    "size": "",
                                                    "sizes": []
                                                },
                                                "_flex_align_self_tablet": "center"
                                            },
                                            "elements": [],
                                            "isInner": false,
                                            "widgetType": "elementskit-blog-posts",
                                            "elType": "widget"
                                        },
                                        {
                                            "id": "7ff223b9",
                                            "settings": {
                                                "selected_icon": {
                                                    "value": "jki jki-arrow-up-right-line",
                                                    "library": "jkiticon"
                                                },
                                                "_margin": {
                                                    "unit": "px",
                                                    "top": "-95",
                                                    "right": "0",
                                                    "bottom": "0",
                                                    "left": "-55",
                                                    "isLinked": false
                                                },
                                                "_padding": {
                                                    "unit": "px",
                                                    "top": "10",
                                                    "right": "45",
                                                    "bottom": "4",
                                                    "left": "10",
                                                    "isLinked": false
                                                },
                                                "_flex_align_self": "center",
                                                "_background_background": "classic",
                                                "_border_border": "solid",
                                                "_border_width": {
                                                    "unit": "px",
                                                    "top": "1",
                                                    "right": "1",
                                                    "bottom": "1",
                                                    "left": "1",
                                                    "isLinked": true
                                                },
                                                "_border_radius": {
                                                    "unit": "px",
                                                    "top": "20",
                                                    "right": "20",
                                                    "bottom": "20",
                                                    "left": "20",
                                                    "isLinked": true
                                                },
                                                "__globals__": {
                                                    "primary_color": "globals\/colors?id=text",
                                                    "_background_color": "globals\/colors?id=secondary",
                                                    "_border_color": "globals\/colors?id=text",
                                                    "hover_primary_color": "globals\/colors?id=primary"
                                                },
                                                "align_mobile": "right",
                                                "_margin_tablet": {
                                                    "unit": "px",
                                                    "top": "-95",
                                                    "right": "0",
                                                    "bottom": "0",
                                                    "left": "-60",
                                                    "isLinked": false
                                                },
                                                "_margin_mobile": {
                                                    "unit": "px",
                                                    "top": "-330",
                                                    "right": "0",
                                                    "bottom": "0",
                                                    "left": "250",
                                                    "isLinked": false
                                                },
                                                "_padding_tablet": {
                                                    "unit": "px",
                                                    "top": "10",
                                                    "right": "15",
                                                    "bottom": "4",
                                                    "left": "10",
                                                    "isLinked": false
                                                },
                                                "_padding_mobile": {
                                                    "unit": "px",
                                                    "top": "10",
                                                    "right": "10",
                                                    "bottom": "2",
                                                    "left": "10",
                                                    "isLinked": false
                                                },
                                                "_flex_align_self_mobile": "flex-end"
                                            },
                                            "elements": [],
                                            "isInner": false,
                                            "widgetType": "icon",
                                            "elType": "widget"
                                        }
                                    ],
                                    "isInner": true,
                                    "elType": "container"
                                }
                            ],
                            "isInner": true,
                            "elType": "container"
                        },
                        {
                            "id": "1b1a5031",
                            "settings": {
                                "content_width": "full",
                                "width": {
                                    "unit": "%",
                                    "size": 55,
                                    "sizes": []
                                },
                                "margin": {
                                    "unit": "px",
                                    "top": "0",
                                    "right": "0",
                                    "bottom": "0",
                                    "left": "0",
                                    "isLinked": true
                                },
                                "padding": {
                                    "unit": "px",
                                    "top": "0",
                                    "right": "75",
                                    "bottom": "0",
                                    "left": "0",
                                    "isLinked": false
                                },
                                "_title": "Title",
                                "flex_gap": {
                                    "column": "30",
                                    "row": "30",
                                    "isLinked": true,
                                    "unit": "px",
                                    "size": 30
                                },
                                "width_tablet": {
                                    "unit": "%",
                                    "size": 100,
                                    "sizes": []
                                },
                                "width_mobile": {
                                    "unit": "%",
                                    "size": "",
                                    "sizes": []
                                },
                                "padding_tablet": {
                                    "unit": "px",
                                    "top": "0",
                                    "right": "0",
                                    "bottom": "0",
                                    "left": "0",
                                    "isLinked": true
                                }
                            },
                            "elements": [
                                {
                                    "id": "41c2faa9",
                                    "settings": {
                                        "content_width": "full",
                                        "flex_direction": "row",
                                        "flex_align_items": "center",
                                        "flex_gap": {
                                            "column": "20",
                                            "row": "20",
                                            "isLinked": true,
                                            "unit": "px",
                                            "size": 20
                                        },
                                        "margin": {
                                            "unit": "px",
                                            "top": "0",
                                            "right": "0",
                                            "bottom": "0",
                                            "left": "0",
                                            "isLinked": true
                                        },
                                        "padding": {
                                            "unit": "px",
                                            "top": "0",
                                            "right": "0",
                                            "bottom": "0",
                                            "left": "0",
                                            "isLinked": true
                                        },
                                        "flex_justify_content_tablet": "center",
                                        "flex_align_items_tablet": "center"
                                    },
                                    "elements": [
                                        {
                                            "id": "674cdcf5",
                                            "settings": {
                                                "text": "Divider",
                                                "_margin": {
                                                    "unit": "px",
                                                    "top": "0",
                                                    "right": "0",
                                                    "bottom": "0",
                                                    "left": "0",
                                                    "isLinked": true
                                                },
                                                "_padding": {
                                                    "unit": "px",
                                                    "top": "0",
                                                    "right": "0",
                                                    "bottom": "0",
                                                    "left": "0",
                                                    "isLinked": true
                                                },
                                                "_element_width": "initial",
                                                "_element_custom_width": {
                                                    "unit": "%",
                                                    "size": 5,
                                                    "sizes": []
                                                },
                                                "__globals__": {
                                                    "color": "globals\/colors?id=secondary"
                                                }
                                            },
                                            "elements": [],
                                            "isInner": false,
                                            "widgetType": "divider",
                                            "elType": "widget"
                                        },
                                        {
                                            "id": "3cf87eb3",
                                            "settings": {
                                                "editor": "<p>Blog<\/p>",
                                                "__globals__": {
                                                    "text_color": ""
                                                },
                                                "_margin": {
                                                    "unit": "px",
                                                    "top": "0",
                                                    "right": "0",
                                                    "bottom": "-12",
                                                    "left": "0",
                                                    "isLinked": false
                                                },
                                                "_element_width": "initial",
                                                "_element_custom_width": {
                                                    "unit": "%",
                                                    "size": 95,
                                                    "sizes": []
                                                },
                                                "_element_width_tablet": "auto",
                                                "_element_custom_width_tablet": {
                                                    "unit": "%",
                                                    "size": "",
                                                    "sizes": []
                                                },
                                                "_element_custom_width_mobile": {
                                                    "unit": "%",
                                                    "size": "",
                                                    "sizes": []
                                                }
                                            },
                                            "elements": [],
                                            "isInner": false,
                                            "widgetType": "text-editor",
                                            "elType": "widget"
                                        }
                                    ],
                                    "isInner": true,
                                    "elType": "container"
                                },
                                {
                                    "id": "1ed88808",
                                    "settings": {
                                        "title": "Explore Our Latest Trends in Design and Branding",
                                        "__globals__": {
                                            "title_color": "",
                                            "typography_typography": "globals\/typography?id=ddd3db2"
                                        },
                                        "header_size": "div",
                                        "_margin": {
                                            "unit": "px",
                                            "top": "0",
                                            "right": "0",
                                            "bottom": "-20",
                                            "left": "0",
                                            "isLinked": false
                                        },
                                        "align_tablet": "center",
                                        "_margin_tablet": {
                                            "unit": "px",
                                            "top": "0",
                                            "right": "0",
                                            "bottom": "0",
                                            "left": "0",
                                            "isLinked": false
                                        }
                                    },
                                    "elements": [],
                                    "isInner": false,
                                    "widgetType": "heading",
                                    "elType": "widget"
                                },
                                {
                                    "id": "26c188b6",
                                    "settings": {
                                        "editor": "<p>Dive into our latest articles, case studies, and industry analyses to unlock new perspectives and fuel your creativity<\/p>",
                                        "__globals__": {
                                            "text_color": ""
                                        },
                                        "_margin": {
                                            "unit": "px",
                                            "top": "0",
                                            "right": "0",
                                            "bottom": "-12",
                                            "left": "0",
                                            "isLinked": false
                                        },
                                        "align": "left",
                                        "_element_custom_width": {
                                            "unit": "%",
                                            "size": 50,
                                            "sizes": []
                                        },
                                        "_flex_align_self": "flex-start",
                                        "align_tablet": "center"
                                    },
                                    "elements": [],
                                    "isInner": false,
                                    "widgetType": "text-editor",
                                    "elType": "widget"
                                },
                                {
                                    "id": "7db40174",
                                    "settings": {
                                        "content_width": "full",
                                        "flex_direction": "column",
                                        "flex_gap": {
                                            "column": "10",
                                            "row": "10",
                                            "isLinked": true,
                                            "unit": "px",
                                            "size": 10
                                        },
                                        "margin": {
                                            "unit": "px",
                                            "top": "0",
                                            "right": "0",
                                            "bottom": "0",
                                            "left": "0",
                                            "isLinked": true
                                        },
                                        "padding": {
                                            "unit": "px",
                                            "top": "0",
                                            "right": "0",
                                            "bottom": "0",
                                            "left": "0",
                                            "isLinked": true
                                        }
                                    },
                                    "elements": [
                                        {
                                            "id": "419eba56",
                                            "settings": {
                                                "content_width": "full",
                                                "flex_direction": "row",
                                                "flex_gap": {
                                                    "column": "50",
                                                    "row": "50",
                                                    "isLinked": true,
                                                    "unit": "px",
                                                    "size": 50
                                                },
                                                "margin": {
                                                    "unit": "px",
                                                    "top": "0",
                                                    "right": "0",
                                                    "bottom": "0",
                                                    "left": "0",
                                                    "isLinked": true
                                                },
                                                "padding": {
                                                    "unit": "px",
                                                    "top": "0",
                                                    "right": "0",
                                                    "bottom": "0",
                                                    "left": "0",
                                                    "isLinked": true
                                                },
                                                "flex_justify_content_tablet": "center",
                                                "flex_gap_mobile": {
                                                    "column": "10",
                                                    "row": "10",
                                                    "isLinked": true,
                                                    "unit": "px",
                                                    "size": 10
                                                }
                                            },
                                            "elements": [
                                                {
                                                    "id": "3f0659cd",
                                                    "settings": {
                                                        "text": "trends",
                                                        "align": "left",
                                                        "_margin": {
                                                            "unit": "px",
                                                            "top": "0",
                                                            "right": "0",
                                                            "bottom": "0",
                                                            "left": "0",
                                                            "isLinked": true
                                                        },
                                                        "_padding": {
                                                            "unit": "px",
                                                            "top": "0",
                                                            "right": "0",
                                                            "bottom": "0",
                                                            "left": "0",
                                                            "isLinked": true
                                                        },
                                                        "_flex_align_self": "flex-start",
                                                        "__globals__": {
                                                            "hover_color": "globals\/colors?id=secondary",
                                                            "button_background_hover_color": "",
                                                            "button_text_color": "globals\/colors?id=primary",
                                                            "background_color": "globals\/colors?id=f302331",
                                                            "button_hover_border_color": "globals\/colors?id=secondary",
                                                            "border_color": "globals\/colors?id=f302331"
                                                        },
                                                        "button_background_hover_background": "",
                                                        "button_text_color": "#1A1A1A",
                                                        "hover_color": "#FF6016",
                                                        "button_hover_border_color": "#FF6016",
                                                        "border_border": "solid",
                                                        "border_width": {
                                                            "unit": "px",
                                                            "top": "2",
                                                            "right": "2",
                                                            "bottom": "2",
                                                            "left": "2",
                                                            "isLinked": true
                                                        },
                                                        "text_padding": {
                                                            "unit": "px",
                                                            "top": "10",
                                                            "right": "20",
                                                            "bottom": "10",
                                                            "left": "20",
                                                            "isLinked": false
                                                        }
                                                    },
                                                    "elements": [],
                                                    "isInner": false,
                                                    "widgetType": "button",
                                                    "elType": "widget"
                                                },
                                                {
                                                    "id": "73f15601",
                                                    "settings": {
                                                        "text": "insight",
                                                        "align": "left",
                                                        "_margin": {
                                                            "unit": "px",
                                                            "top": "0",
                                                            "right": "0",
                                                            "bottom": "0",
                                                            "left": "0",
                                                            "isLinked": true
                                                        },
                                                        "_padding": {
                                                            "unit": "px",
                                                            "top": "0",
                                                            "right": "0",
                                                            "bottom": "0",
                                                            "left": "0",
                                                            "isLinked": true
                                                        },
                                                        "_flex_align_self": "flex-start",
                                                        "__globals__": {
                                                            "hover_color": "globals\/colors?id=secondary",
                                                            "button_background_hover_color": "",
                                                            "button_text_color": "globals\/colors?id=primary",
                                                            "background_color": "globals\/colors?id=f302331",
                                                            "button_hover_border_color": "globals\/colors?id=secondary",
                                                            "border_color": "globals\/colors?id=f302331"
                                                        },
                                                        "button_background_hover_background": "",
                                                        "button_text_color": "#1A1A1A",
                                                        "hover_color": "#FF6016",
                                                        "button_hover_border_color": "#FF6016",
                                                        "border_border": "solid",
                                                        "border_width": {
                                                            "unit": "px",
                                                            "top": "2",
                                                            "right": "2",
                                                            "bottom": "2",
                                                            "left": "2",
                                                            "isLinked": true
                                                        },
                                                        "text_padding": {
                                                            "unit": "px",
                                                            "top": "10",
                                                            "right": "20",
                                                            "bottom": "10",
                                                            "left": "20",
                                                            "isLinked": false
                                                        }
                                                    },
                                                    "elements": [],
                                                    "isInner": false,
                                                    "widgetType": "button",
                                                    "elType": "widget"
                                                },
                                                {
                                                    "id": "4605f0e4",
                                                    "settings": {
                                                        "text": "tips",
                                                        "align": "left",
                                                        "_margin": {
                                                            "unit": "px",
                                                            "top": "0",
                                                            "right": "0",
                                                            "bottom": "0",
                                                            "left": "0",
                                                            "isLinked": true
                                                        },
                                                        "_padding": {
                                                            "unit": "px",
                                                            "top": "0",
                                                            "right": "0",
                                                            "bottom": "0",
                                                            "left": "0",
                                                            "isLinked": true
                                                        },
                                                        "_flex_align_self": "flex-start",
                                                        "__globals__": {
                                                            "hover_color": "globals\/colors?id=secondary",
                                                            "button_background_hover_color": "",
                                                            "button_text_color": "globals\/colors?id=primary",
                                                            "background_color": "globals\/colors?id=f302331",
                                                            "button_hover_border_color": "globals\/colors?id=secondary",
                                                            "border_color": "globals\/colors?id=f302331"
                                                        },
                                                        "button_background_hover_background": "",
                                                        "button_text_color": "#1A1A1A",
                                                        "hover_color": "#FF6016",
                                                        "button_hover_border_color": "#FF6016",
                                                        "border_border": "solid",
                                                        "border_width": {
                                                            "unit": "px",
                                                            "top": "2",
                                                            "right": "2",
                                                            "bottom": "2",
                                                            "left": "2",
                                                            "isLinked": true
                                                        },
                                                        "text_padding": {
                                                            "unit": "px",
                                                            "top": "10",
                                                            "right": "20",
                                                            "bottom": "10",
                                                            "left": "20",
                                                            "isLinked": false
                                                        }
                                                    },
                                                    "elements": [],
                                                    "isInner": false,
                                                    "widgetType": "button",
                                                    "elType": "widget"
                                                }
                                            ],
                                            "isInner": true,
                                            "elType": "container"
                                        },
                                        {
                                            "id": "4eacd708",
                                            "settings": {
                                                "content_width": "full",
                                                "flex_direction": "row",
                                                "flex_gap": {
                                                    "column": "30",
                                                    "row": "30",
                                                    "isLinked": true,
                                                    "unit": "px",
                                                    "size": 30
                                                },
                                                "margin": {
                                                    "unit": "px",
                                                    "top": "0",
                                                    "right": "0",
                                                    "bottom": "0",
                                                    "left": "0",
                                                    "isLinked": true
                                                },
                                                "padding": {
                                                    "unit": "px",
                                                    "top": "0",
                                                    "right": "0",
                                                    "bottom": "0",
                                                    "left": "0",
                                                    "isLinked": true
                                                },
                                                "flex_justify_content_tablet": "center",
                                                "flex_gap_mobile": {
                                                    "column": "0",
                                                    "row": "0",
                                                    "isLinked": true,
                                                    "unit": "px",
                                                    "size": 0
                                                }
                                            },
                                            "elements": [
                                                {
                                                    "id": "a064446",
                                                    "settings": {
                                                        "text": "marketing",
                                                        "align": "left",
                                                        "_margin": {
                                                            "unit": "px",
                                                            "top": "0",
                                                            "right": "0",
                                                            "bottom": "0",
                                                            "left": "0",
                                                            "isLinked": true
                                                        },
                                                        "_padding": {
                                                            "unit": "px",
                                                            "top": "0",
                                                            "right": "0",
                                                            "bottom": "0",
                                                            "left": "0",
                                                            "isLinked": true
                                                        },
                                                        "_flex_align_self": "flex-start",
                                                        "__globals__": {
                                                            "hover_color": "globals\/colors?id=secondary",
                                                            "button_background_hover_color": "",
                                                            "button_text_color": "globals\/colors?id=primary",
                                                            "background_color": "globals\/colors?id=f302331",
                                                            "button_hover_border_color": "globals\/colors?id=secondary",
                                                            "border_color": "globals\/colors?id=f302331"
                                                        },
                                                        "button_background_hover_background": "",
                                                        "button_text_color": "#1A1A1A",
                                                        "hover_color": "#FF6016",
                                                        "button_hover_border_color": "#FF6016",
                                                        "border_border": "solid",
                                                        "border_width": {
                                                            "unit": "px",
                                                            "top": "2",
                                                            "right": "2",
                                                            "bottom": "2",
                                                            "left": "2",
                                                            "isLinked": true
                                                        },
                                                        "text_padding": {
                                                            "unit": "px",
                                                            "top": "10",
                                                            "right": "20",
                                                            "bottom": "10",
                                                            "left": "20",
                                                            "isLinked": false
                                                        },
                                                        "text_padding_mobile": {
                                                            "unit": "px",
                                                            "top": "10",
                                                            "right": "10",
                                                            "bottom": "10",
                                                            "left": "10",
                                                            "isLinked": true
                                                        }
                                                    },
                                                    "elements": [],
                                                    "isInner": false,
                                                    "widgetType": "button",
                                                    "elType": "widget"
                                                },
                                                {
                                                    "id": "3201dca",
                                                    "settings": {
                                                        "text": "design",
                                                        "align": "left",
                                                        "_margin": {
                                                            "unit": "px",
                                                            "top": "0",
                                                            "right": "0",
                                                            "bottom": "0",
                                                            "left": "0",
                                                            "isLinked": true
                                                        },
                                                        "_padding": {
                                                            "unit": "px",
                                                            "top": "0",
                                                            "right": "0",
                                                            "bottom": "0",
                                                            "left": "0",
                                                            "isLinked": true
                                                        },
                                                        "_flex_align_self": "flex-start",
                                                        "__globals__": {
                                                            "hover_color": "globals\/colors?id=secondary",
                                                            "button_background_hover_color": "",
                                                            "button_text_color": "globals\/colors?id=primary",
                                                            "background_color": "globals\/colors?id=f302331",
                                                            "button_hover_border_color": "globals\/colors?id=secondary",
                                                            "border_color": "globals\/colors?id=f302331"
                                                        },
                                                        "button_background_hover_background": "",
                                                        "button_text_color": "#1A1A1A",
                                                        "hover_color": "#FF6016",
                                                        "button_hover_border_color": "#FF6016",
                                                        "border_border": "solid",
                                                        "border_width": {
                                                            "unit": "px",
                                                            "top": "2",
                                                            "right": "2",
                                                            "bottom": "2",
                                                            "left": "2",
                                                            "isLinked": true
                                                        },
                                                        "text_padding": {
                                                            "unit": "px",
                                                            "top": "10",
                                                            "right": "20",
                                                            "bottom": "10",
                                                            "left": "20",
                                                            "isLinked": false
                                                        },
                                                        "text_padding_mobile": {
                                                            "unit": "px",
                                                            "top": "10",
                                                            "right": "10",
                                                            "bottom": "10",
                                                            "left": "10",
                                                            "isLinked": true
                                                        }
                                                    },
                                                    "elements": [],
                                                    "isInner": false,
                                                    "widgetType": "button",
                                                    "elType": "widget"
                                                },
                                                {
                                                    "id": "763444c7",
                                                    "settings": {
                                                        "text": "branding",
                                                        "align": "left",
                                                        "_margin": {
                                                            "unit": "px",
                                                            "top": "0",
                                                            "right": "0",
                                                            "bottom": "0",
                                                            "left": "0",
                                                            "isLinked": true
                                                        },
                                                        "_padding": {
                                                            "unit": "px",
                                                            "top": "0",
                                                            "right": "0",
                                                            "bottom": "0",
                                                            "left": "0",
                                                            "isLinked": true
                                                        },
                                                        "_flex_align_self": "flex-start",
                                                        "__globals__": {
                                                            "hover_color": "globals\/colors?id=secondary",
                                                            "button_background_hover_color": "",
                                                            "button_text_color": "globals\/colors?id=primary",
                                                            "background_color": "globals\/colors?id=f302331",
                                                            "button_hover_border_color": "globals\/colors?id=secondary",
                                                            "border_color": "globals\/colors?id=f302331"
                                                        },
                                                        "button_background_hover_background": "",
                                                        "button_text_color": "#1A1A1A",
                                                        "hover_color": "#FF6016",
                                                        "button_hover_border_color": "#FF6016",
                                                        "border_border": "solid",
                                                        "border_width": {
                                                            "unit": "px",
                                                            "top": "2",
                                                            "right": "2",
                                                            "bottom": "2",
                                                            "left": "2",
                                                            "isLinked": true
                                                        },
                                                        "text_padding": {
                                                            "unit": "px",
                                                            "top": "10",
                                                            "right": "20",
                                                            "bottom": "10",
                                                            "left": "20",
                                                            "isLinked": false
                                                        },
                                                        "text_padding_mobile": {
                                                            "unit": "px",
                                                            "top": "10",
                                                            "right": "10",
                                                            "bottom": "10",
                                                            "left": "10",
                                                            "isLinked": true
                                                        }
                                                    },
                                                    "elements": [],
                                                    "isInner": false,
                                                    "widgetType": "button",
                                                    "elType": "widget"
                                                }
                                            ],
                                            "isInner": true,
                                            "elType": "container"
                                        }
                                    ],
                                    "isInner": true,
                                    "elType": "container"
                                }
                            ],
                            "isInner": true,
                            "elType": "container"
                        }
                    ],
                    "isInner": true,
                    "elType": "container"
                }
            ],
            "isInner": false,
            "elType": "container"
        },
        {
            "id": "f3ee1ff",
            "settings": {
                "flex_direction": "row",
                "background_background": "classic",
                "margin": {
                    "unit": "px",
                    "top": "0",
                    "right": "0",
                    "bottom": "0",
                    "left": "0",
                    "isLinked": true
                },
                "padding": {
                    "unit": "px",
                    "top": "50",
                    "right": "0",
                    "bottom": "50",
                    "left": "0",
                    "isLinked": false
                },
                "__globals__": {
                    "background_color": "globals\/colors?id=text"
                },
                "_title": "Blog",
                "padding_tablet": {
                    "unit": "px",
                    "top": "50",
                    "right": "30",
                    "bottom": "50",
                    "left": "30",
                    "isLinked": false
                },
                "padding_mobile": {
                    "unit": "px",
                    "top": "50",
                    "right": "20",
                    "bottom": "50",
                    "left": "20",
                    "isLinked": false
                }
            },
            "elements": [
                {
                    "id": "61348678",
                    "settings": {
                        "content_width": "full",
                        "margin": {
                            "unit": "px",
                            "top": "0",
                            "right": "0",
                            "bottom": "0",
                            "left": "0",
                            "isLinked": true
                        },
                        "padding": {
                            "unit": "px",
                            "top": "0",
                            "right": "0",
                            "bottom": "0",
                            "left": "0",
                            "isLinked": true
                        },
                        "flex_gap": {
                            "column": "50",
                            "row": "50",
                            "isLinked": true,
                            "unit": "px",
                            "size": 50
                        },
                        "flex_gap_mobile": {
                            "column": "30",
                            "row": "30",
                            "isLinked": true,
                            "unit": "px",
                            "size": 30
                        }
                    },
                    "elements": [
                        {
                            "id": "3fe5c669",
                            "settings": {
                                "content_width": "full",
                                "flex_direction": "row",
                                "flex_gap": {
                                    "column": "30",
                                    "row": "30",
                                    "isLinked": true,
                                    "unit": "px",
                                    "size": 30
                                },
                                "margin": {
                                    "unit": "px",
                                    "top": "0",
                                    "right": "0",
                                    "bottom": "0",
                                    "left": "0",
                                    "isLinked": true
                                },
                                "padding": {
                                    "unit": "px",
                                    "top": "0",
                                    "right": "0",
                                    "bottom": "0",
                                    "left": "0",
                                    "isLinked": true
                                },
                                "_title": "Title",
                                "flex_direction_mobile": "column"
                            },
                            "elements": [
                                {
                                    "id": "8d776eb",
                                    "settings": {
                                        "title": "All Blog Posts",
                                        "_element_width": "initial",
                                        "_element_custom_width": {
                                            "unit": "%",
                                            "size": 50,
                                            "sizes": []
                                        },
                                        "align_mobile": "center",
                                        "_element_custom_width_tablet": {
                                            "unit": "%",
                                            "size": 80,
                                            "sizes": []
                                        },
                                        "_element_custom_width_mobile": {
                                            "unit": "%",
                                            "size": 100,
                                            "sizes": []
                                        }
                                    },
                                    "elements": [],
                                    "isInner": false,
                                    "widgetType": "heading",
                                    "elType": "widget"
                                },
                                {
                                    "id": "1c444619",
                                    "settings": {
                                        "content_width": "full",
                                        "width": {
                                            "unit": "%",
                                            "size": 50,
                                            "sizes": []
                                        },
                                        "margin": {
                                            "unit": "px",
                                            "top": "0",
                                            "right": "0",
                                            "bottom": "0",
                                            "left": "0",
                                            "isLinked": true
                                        },
                                        "padding": {
                                            "unit": "px",
                                            "top": "0",
                                            "right": "0",
                                            "bottom": "0",
                                            "left": "0",
                                            "isLinked": true
                                        },
                                        "flex_justify_content": "center",
                                        "width_tablet": {
                                            "unit": "%",
                                            "size": 20,
                                            "sizes": []
                                        },
                                        "width_mobile": {
                                            "unit": "%",
                                            "size": "",
                                            "sizes": []
                                        },
                                        "flex_align_items_mobile": "center",
                                        "_flex_align_self_mobile": "center"
                                    },
                                    "elements": [
                                        {
                                            "id": "e159591",
                                            "settings": {
                                                "sg_search_style": "form",
                                                "sg_search_placeholder": "Search",
                                                "sg_search_text": "Search",
                                                "sg_search_alignment_responsive": "right",
                                                "st_container_form_background_background_background": "classic",
                                                "st_container_form_background_background_color": "#909090",
                                                "st_container_placeholder_color_responsive": "#F0F0F0",
                                                "st_container_border_radius_responsive": {
                                                    "unit": "px",
                                                    "top": "20",
                                                    "right": "20",
                                                    "bottom": "20",
                                                    "left": "20",
                                                    "isLinked": true
                                                },
                                                "st_container_padding_responsive": {
                                                    "unit": "px",
                                                    "top": "20",
                                                    "right": "20",
                                                    "bottom": "20",
                                                    "left": "20",
                                                    "isLinked": true
                                                },
                                                "st_container_height_responsive": {
                                                    "unit": "px",
                                                    "size": 45,
                                                    "sizes": []
                                                },
                                                "st_button_icon_size_responsive": {
                                                    "unit": "px",
                                                    "size": 17,
                                                    "sizes": []
                                                },
                                                "__globals__": {
                                                    "st_container_form_background_background_color": "globals\/colors?id=accent",
                                                    "st_container_color_responsive": "",
                                                    "st_container_placeholder_color_responsive": "globals\/colors?id=text",
                                                    "st_button_color_responsive": "globals\/colors?id=text"
                                                }
                                            },
                                            "elements": [],
                                            "isInner": false,
                                            "widgetType": "jkit_search",
                                            "elType": "widget"
                                        }
                                    ],
                                    "isInner": true,
                                    "elType": "container"
                                }
                            ],
                            "isInner": true,
                            "elType": "container"
                        },
                        {
                            "id": "f09ace8",
                            "settings": {
                                "content_width": "full",
                                "margin": {
                                    "unit": "px",
                                    "top": "0",
                                    "right": "0",
                                    "bottom": "0",
                                    "left": "0",
                                    "isLinked": true
                                },
                                "padding": {
                                    "unit": "px",
                                    "top": "0",
                                    "right": "0",
                                    "bottom": "0",
                                    "left": "0",
                                    "isLinked": true
                                },
                                "_title": "Content"
                            },
                            "elements": [
                                {
                                    "id": "4efe055f",
                                    "settings": {
                                        "ekit_blog_posts_layout_style": "elementskit-post-image-card",
                                        "ekit_blog_posts_column": "ekit-lg-6 ekit-md-6",
                                        "ekit_blog_posts_title_trim": 5,
                                        "ekit_blog_posts_content": "",
                                        "ekit_blog_posts_num": 6,
                                        "ekit_blog_posts_cats": [
                                            "4",
                                            "8",
                                            "6",
                                            "5",
                                            "3",
                                            "7"
                                        ],
                                        "ekit_blog_posts_btn_text": "Learn more ",
                                        "ekit_blog_posts_is_manual_selection": "yes",
                                        "ekit_blog_posts_manual_selection": [
                                            "1038",
                                            "960",
                                            "956",
                                            "954",
                                            "952",
                                            "950"
                                        ],
                                        "ekit_blog_posts_read_more": "",
                                        "ekit_blog_posts_meta_select": [
                                            "date"
                                        ],
                                        "ekit_blog_posts_meta_author_icons": {
                                            "value": "",
                                            "library": ""
                                        },
                                        "ekit_blog_posts_meta_date_icons": {
                                            "value": "",
                                            "library": ""
                                        },
                                        "ekit_blog_posts_background_background": "classic",
                                        "ekit_blog_posts_shadow_box_shadow_type": "yes",
                                        "ekit_blog_posts_shadow_box_shadow": {
                                            "horizontal": 0,
                                            "vertical": 0,
                                            "blur": 0,
                                            "spread": 0,
                                            "color": "rgba(0,0,0,0.5)"
                                        },
                                        "ekit_blog_posts_padding": {
                                            "unit": "px",
                                            "top": "0",
                                            "right": "0",
                                            "bottom": "0",
                                            "left": "0",
                                            "isLinked": true
                                        },
                                        "ekit_blog_posts_margin": {
                                            "unit": "px",
                                            "top": "0",
                                            "right": "0",
                                            "bottom": "30",
                                            "left": "0",
                                            "isLinked": false
                                        },
                                        "ekit_blog_posts_text_content_wraper_padding": {
                                            "unit": "px",
                                            "top": "0",
                                            "right": "0",
                                            "bottom": "0",
                                            "left": "30",
                                            "isLinked": false
                                        },
                                        "ekit_blog_posts_feature_img_margin": {
                                            "unit": "px",
                                            "top": "0",
                                            "right": "0",
                                            "bottom": "-20",
                                            "left": "0",
                                            "isLinked": false
                                        },
                                        "ekit_blog_posts_meta_item_margin": {
                                            "unit": "px",
                                            "top": "0",
                                            "right": "0",
                                            "bottom": "0",
                                            "left": "0",
                                            "isLinked": false
                                        },
                                        "ekit_blog_posts_title_margin": {
                                            "unit": "px",
                                            "top": "-15",
                                            "right": "0",
                                            "bottom": "0",
                                            "left": "0",
                                            "isLinked": false
                                        },
                                        "_mask_shape": "custom",
                                        "_mask_image": {
                                            "url": "http:\/\/thanksfortoday.studio\/axistudio\/wp-content\/uploads\/sites\/39\/2024\/04\/Rectangle-12.png",
                                            "id": 932,
                                            "size": "",
                                            "alt": "",
                                            "source": "library"
                                        },
                                        "__globals__": {
                                            "ekit_blog_posts_background_color": "globals\/colors?id=text",
                                            "ekit_blog_posts_meta_typography_typography": "globals\/typography?id=1bb472e",
                                            "ekit_blog_posts_meta_color_normal": "globals\/colors?id=accent",
                                            "ekit_blog_posts_title_typography_typography": "globals\/typography?id=2673c48",
                                            "ekit_blog_posts_title_color": "globals\/colors?id=primary"
                                        },
                                        "ekit_blog_posts_margin_mobile": {
                                            "unit": "px",
                                            "top": "0",
                                            "right": "0",
                                            "bottom": "20",
                                            "left": "0",
                                            "isLinked": false
                                        },
                                        "ekit_blog_posts_text_content_wraper_padding_mobile": {
                                            "unit": "px",
                                            "top": "0",
                                            "right": "0",
                                            "bottom": "0",
                                            "left": "0",
                                            "isLinked": true
                                        },
                                        "ekit_blog_posts_meta_alignment_mobile": "center",
                                        "ekit_blog_posts_title_alignment_mobile": "center"
                                    },
                                    "elements": [],
                                    "isInner": false,
                                    "widgetType": "elementskit-blog-posts",
                                    "elType": "widget"
                                }
                            ],
                            "isInner": true,
                            "elType": "container"
                        }
                    ],
                    "isInner": true,
                    "elType": "container"
                }
            ],
            "isInner": false,
            "elType": "container"
        }
    ],
    "page_settings": {
        "hide_title": "yes",
        "template": "elementor_header_footer"
    }
}