{
    "version": "0.4",
    "title": "Contact Metform",
    "type": "section",
    "metadata": {
        "template_type": "section-other",
        "include_in_zip": "1",
        "elementor_pro_required": null,
        "wp_page_template": "elementor_canvas"
    },
    "content": [
        {
            "id": "30b3df45",
            "settings": {
                "flex_direction": "column",
                "content_width": "full",
                "flex_gap": {
                    "column": "",
                    "row": "",
                    "isLinked": true,
                    "unit": "px",
                    "size": null
                },
                "margin": {
                    "unit": "px",
                    "top": "0",
                    "right": "0",
                    "bottom": "0",
                    "left": "0",
                    "isLinked": true
                },
                "padding": {
                    "unit": "px",
                    "top": "0",
                    "right": "0",
                    "bottom": "0",
                    "left": "0",
                    "isLinked": true
                },
                "_title": "Contact"
            },
            "elements": [
                {
                    "id": "3045266a",
                    "settings": {
                        "mf_input_label_status": "",
                        "mf_input_label": "Text",
                        "mf_input_name": "mf-text",
                        "mf_input_placeholder": "Your Name",
                        "mf_input_validation_warning_message": "This field is required.",
                        "mf_input_background_background": "classic",
                        "mf_input_border_border": "none",
                        "mf_input_color_hover": "",
                        "mf_input_color_focus": "",
                        "mf_input_border_radius": {
                            "unit": "px",
                            "size": 20,
                            "sizes": []
                        },
                        "__globals__": {
                            "mf_input_color": "globals\/colors?id=primary",
                            "mf_input_background_color": "globals\/colors?id=text",
                            "mf_input_placeholder_color": "globals\/colors?id=accent"
                        }
                    },
                    "elements": [],
                    "isInner": false,
                    "widgetType": "mf-text",
                    "elType": "widget"
                },
                {
                    "id": "4156d721",
                    "settings": {
                        "mf_input_label_status": "",
                        "mf_input_label": "Email",
                        "mf_input_name": "mf-email",
                        "mf_input_placeholder": "Your Email",
                        "mf_input_validation_warning_message": "This field is required.",
                        "mf_input_background_background": "classic",
                        "mf_input_border_border": "none",
                        "mf_input_color_hover": "",
                        "mf_input_color_focus": "",
                        "mf_input_border_radius": {
                            "unit": "px",
                            "size": 20,
                            "sizes": []
                        },
                        "__globals__": {
                            "mf_input_color": "globals\/colors?id=primary",
                            "mf_input_background_color": "globals\/colors?id=text",
                            "mf_error_message_color": "globals\/colors?id=secondary",
                            "mf_input_placeholder_color": "globals\/colors?id=accent"
                        }
                    },
                    "elements": [],
                    "isInner": false,
                    "widgetType": "mf-email",
                    "elType": "widget"
                },
                {
                    "id": "257e294f",
                    "settings": {
                        "mf_input_label_status": "",
                        "mf_input_label": "Textarea",
                        "mf_input_name": "mf-textarea",
                        "mf_input_placeholder": "Message",
                        "mf_input_validation_warning_message": "This field is required.",
                        "mf_input_background_background": "classic",
                        "mf_input_color_hover": "",
                        "mf_input_color_focus": "",
                        "mf_input_border_radius": {
                            "unit": "px",
                            "size": 20,
                            "sizes": []
                        },
                        "__globals__": {
                            "mf_input_color": "globals\/colors?id=primary",
                            "mf_input_placeholder_color": "globals\/colors?id=accent",
                            "mf_input_background_color": "globals\/colors?id=text"
                        },
                        "mf_textarea_field_height": {
                            "unit": "px",
                            "size": 100,
                            "sizes": []
                        }
                    },
                    "elements": [],
                    "isInner": false,
                    "widgetType": "mf-textarea",
                    "elType": "widget"
                },
                {
                    "id": "3cadfc40",
                    "settings": {
                        "text": "SUBMIT",
                        "align": "right",
                        "__globals__": {
                            "button_text_color": "globals\/colors?id=text",
                            "background_color": "globals\/colors?id=primary",
                            "button_background_hover_color": "globals\/colors?id=secondary"
                        },
                        "text_padding": {
                            "unit": "px",
                            "top": "15",
                            "right": "30",
                            "bottom": "15",
                            "left": "30",
                            "isLinked": false
                        },
                        "align_tablet": "center",
                        "align_mobile": "justify"
                    },
                    "elements": [],
                    "isInner": false,
                    "widgetType": "button",
                    "elType": "widget"
                }
            ],
            "isInner": false,
            "elType": "container"
        }
    ],
    "page_settings": {
        "hide_title": "yes",
        "template": "elementor_canvas"
    }
}