{
    "version": "0.4",
    "title": "Contact Us",
    "type": "page",
    "metadata": {
        "template_type": "single-page",
        "include_in_zip": "1",
        "elementor_pro_required": null,
        "wp_page_template": "elementor_header_footer"
    },
    "content": [
        {
            "id": "2188a887",
            "settings": {
                "flex_direction": "row",
                "background_background": "classic",
                "margin": {
                    "unit": "px",
                    "top": "0",
                    "right": "0",
                    "bottom": "0",
                    "left": "0",
                    "isLinked": true
                },
                "padding": {
                    "unit": "px",
                    "top": "50",
                    "right": "0",
                    "bottom": "50",
                    "left": "0",
                    "isLinked": false
                },
                "_title": "Hero",
                "__globals__": {
                    "background_color": "globals\/colors?id=text"
                },
                "padding_tablet": {
                    "unit": "px",
                    "top": "50",
                    "right": "30",
                    "bottom": "50",
                    "left": "30",
                    "isLinked": false
                },
                "padding_mobile": {
                    "unit": "px",
                    "top": "50",
                    "right": "20",
                    "bottom": "50",
                    "left": "20",
                    "isLinked": false
                }
            },
            "elements": [
                {
                    "id": "23630035",
                    "settings": {
                        "content_width": "full",
                        "margin": {
                            "unit": "px",
                            "top": "0",
                            "right": "0",
                            "bottom": "0",
                            "left": "0",
                            "isLinked": true
                        },
                        "padding": {
                            "unit": "px",
                            "top": "0",
                            "right": "0",
                            "bottom": "0",
                            "left": "0",
                            "isLinked": true
                        },
                        "presetTitle": "Container",
                        "presetIcon": "eicon-container"
                    },
                    "elements": [
                        {
                            "id": "453c4729",
                            "settings": {
                                "content_width": "full",
                                "flex_direction": "row",
                                "flex_align_items": "center",
                                "flex_gap": {
                                    "column": "20",
                                    "row": "20",
                                    "isLinked": true,
                                    "unit": "px",
                                    "size": 20
                                },
                                "margin": {
                                    "unit": "px",
                                    "top": "0",
                                    "right": "0",
                                    "bottom": "0",
                                    "left": "0",
                                    "isLinked": true
                                },
                                "padding": {
                                    "unit": "px",
                                    "top": "0",
                                    "right": "0",
                                    "bottom": "0",
                                    "left": "0",
                                    "isLinked": true
                                },
                                "flex_justify_content": "center",
                                "_flex_align_self_tablet": "center"
                            },
                            "elements": [
                                {
                                    "id": "2f345d36",
                                    "settings": {
                                        "text": "Divider",
                                        "_margin": {
                                            "unit": "px",
                                            "top": "0",
                                            "right": "0",
                                            "bottom": "0",
                                            "left": "0",
                                            "isLinked": true
                                        },
                                        "_padding": {
                                            "unit": "px",
                                            "top": "0",
                                            "right": "0",
                                            "bottom": "0",
                                            "left": "0",
                                            "isLinked": true
                                        },
                                        "_element_width": "initial",
                                        "_element_custom_width": {
                                            "unit": "%",
                                            "size": 5,
                                            "sizes": []
                                        },
                                        "__globals__": {
                                            "color": "globals\/colors?id=secondary"
                                        }
                                    },
                                    "elements": [],
                                    "isInner": false,
                                    "widgetType": "divider",
                                    "elType": "widget"
                                },
                                {
                                    "id": "ed1b55b",
                                    "settings": {
                                        "editor": "<p>Contact<\/p>",
                                        "__globals__": {
                                            "text_color": "",
                                            "typography_typography": "globals\/typography?id=2673c48"
                                        },
                                        "_margin": {
                                            "unit": "px",
                                            "top": "0",
                                            "right": "0",
                                            "bottom": "-12",
                                            "left": "0",
                                            "isLinked": false
                                        },
                                        "_flex_align_self": "center"
                                    },
                                    "elements": [],
                                    "isInner": false,
                                    "widgetType": "text-editor",
                                    "elType": "widget"
                                },
                                {
                                    "id": "1ff3a3a3",
                                    "settings": {
                                        "text": "Divider",
                                        "_margin": {
                                            "unit": "px",
                                            "top": "0",
                                            "right": "0",
                                            "bottom": "0",
                                            "left": "0",
                                            "isLinked": true
                                        },
                                        "_padding": {
                                            "unit": "px",
                                            "top": "0",
                                            "right": "0",
                                            "bottom": "0",
                                            "left": "0",
                                            "isLinked": true
                                        },
                                        "_element_width": "initial",
                                        "_element_custom_width": {
                                            "unit": "%",
                                            "size": 5,
                                            "sizes": []
                                        },
                                        "__globals__": {
                                            "color": "globals\/colors?id=secondary"
                                        }
                                    },
                                    "elements": [],
                                    "isInner": false,
                                    "widgetType": "divider",
                                    "elType": "widget"
                                }
                            ],
                            "isInner": true,
                            "elType": "container"
                        },
                        {
                            "id": "756e6136",
                            "settings": {
                                "title": "Ready to take the next step? We'd love to hear from you",
                                "__globals__": {
                                    "title_color": "",
                                    "typography_typography": "globals\/typography?id=5b17851"
                                },
                                "align": "center",
                                "header_size": "div",
                                "_margin": {
                                    "unit": "px",
                                    "top": "0",
                                    "right": "0",
                                    "bottom": "10",
                                    "left": "0",
                                    "isLinked": false
                                }
                            },
                            "elements": [],
                            "isInner": false,
                            "widgetType": "heading",
                            "elType": "widget"
                        },
                        {
                            "id": "247e5b4",
                            "settings": {
                                "editor": "<p>Whether you have questions about our services, want to discuss a potential project, or simply want to say hello, our team is here to help. Get in touch using the contact form below, and we'll get back to you as soon as possible.<\/p>",
                                "__globals__": {
                                    "text_color": "",
                                    "typography_typography": "globals\/typography?id=text"
                                },
                                "_margin": {
                                    "unit": "px",
                                    "top": "0",
                                    "right": "0",
                                    "bottom": "0",
                                    "left": "0",
                                    "isLinked": false
                                },
                                "align": "center",
                                "_flex_align_self": "center",
                                "_element_width": "initial",
                                "_element_custom_width": {
                                    "unit": "%",
                                    "size": 80,
                                    "sizes": []
                                },
                                "_element_custom_width_tablet": {
                                    "unit": "%",
                                    "size": 100,
                                    "sizes": []
                                },
                                "_element_custom_width_mobile": {
                                    "unit": "%",
                                    "size": "",
                                    "sizes": []
                                }
                            },
                            "elements": [],
                            "isInner": false,
                            "widgetType": "text-editor",
                            "elType": "widget"
                        },
                        {
                            "id": "42b2ae1d",
                            "settings": {
                                "text": "GET STARTED",
                                "align": "center"
                            },
                            "elements": [],
                            "isInner": false,
                            "widgetType": "button",
                            "elType": "widget"
                        }
                    ],
                    "isInner": true,
                    "elType": "container"
                }
            ],
            "isInner": false,
            "elType": "container"
        },
        {
            "id": "337f4d9b",
            "settings": {
                "flex_direction": "row",
                "background_background": "classic",
                "margin": {
                    "unit": "px",
                    "top": "0",
                    "right": "0",
                    "bottom": "0",
                    "left": "0",
                    "isLinked": true
                },
                "padding": {
                    "unit": "px",
                    "top": "50",
                    "right": "0",
                    "bottom": "50",
                    "left": "0",
                    "isLinked": false
                },
                "_title": "Contact",
                "__globals__": {
                    "background_color": "globals\/colors?id=text"
                },
                "padding_tablet": {
                    "unit": "px",
                    "top": "50",
                    "right": "30",
                    "bottom": "50",
                    "left": "30",
                    "isLinked": false
                },
                "padding_mobile": {
                    "unit": "px",
                    "top": "50",
                    "right": "20",
                    "bottom": "50",
                    "left": "20",
                    "isLinked": false
                }
            },
            "elements": [
                {
                    "id": "40a87a48",
                    "settings": {
                        "content_width": "full",
                        "flex_direction": "row",
                        "flex_gap": {
                            "column": "50",
                            "row": "50",
                            "isLinked": true,
                            "unit": "px",
                            "size": 50
                        },
                        "margin": {
                            "unit": "px",
                            "top": "0",
                            "right": "0",
                            "bottom": "0",
                            "left": "0",
                            "isLinked": true
                        },
                        "padding": {
                            "unit": "px",
                            "top": "0",
                            "right": "0",
                            "bottom": "0",
                            "left": "0",
                            "isLinked": true
                        },
                        "flex_direction_tablet": "column"
                    },
                    "elements": [
                        {
                            "id": "14f9d382",
                            "settings": {
                                "content_width": "full",
                                "width": {
                                    "unit": "%",
                                    "size": 56,
                                    "sizes": []
                                },
                                "flex_gap": {
                                    "column": "0",
                                    "row": "0",
                                    "isLinked": true,
                                    "unit": "px",
                                    "size": 0
                                },
                                "background_background": "classic",
                                "border_radius": {
                                    "unit": "px",
                                    "top": "20",
                                    "right": "20",
                                    "bottom": "20",
                                    "left": "20",
                                    "isLinked": true
                                },
                                "margin": {
                                    "unit": "px",
                                    "top": "0",
                                    "right": "0",
                                    "bottom": "0",
                                    "left": "0",
                                    "isLinked": true
                                },
                                "padding": {
                                    "unit": "px",
                                    "top": "50",
                                    "right": "50",
                                    "bottom": "50",
                                    "left": "50",
                                    "isLinked": true
                                },
                                "__globals__": {
                                    "background_color": "globals\/colors?id=primary"
                                },
                                "width_tablet": {
                                    "unit": "%",
                                    "size": 100,
                                    "sizes": []
                                },
                                "width_mobile": {
                                    "unit": "%",
                                    "size": "",
                                    "sizes": []
                                },
                                "padding_mobile": {
                                    "unit": "px",
                                    "top": "25",
                                    "right": "25",
                                    "bottom": "25",
                                    "left": "25",
                                    "isLinked": true
                                }
                            },
                            "elements": [
                                {
                                    "id": "61b20c8a",
                                    "settings": {
                                        "title": "Still have questions?",
                                        "__globals__": {
                                            "title_color": "globals\/colors?id=text",
                                            "typography_typography": ""
                                        },
                                        "header_size": "h3",
                                        "_margin": {
                                            "unit": "px",
                                            "top": "0",
                                            "right": "0",
                                            "bottom": "0",
                                            "left": "0",
                                            "isLinked": false
                                        },
                                        "typography_font_family": "Inter",
                                        "typography_font_size": {
                                            "unit": "em",
                                            "size": 3.7,
                                            "sizes": []
                                        },
                                        "typography_font_weight": "400",
                                        "typography_line_height": {
                                            "unit": "em",
                                            "size": 1.1,
                                            "sizes": []
                                        },
                                        "_padding": {
                                            "unit": "px",
                                            "top": "0",
                                            "right": "50",
                                            "bottom": "0",
                                            "left": "0",
                                            "isLinked": false
                                        },
                                        "align_tablet": "center",
                                        "_padding_tablet": {
                                            "unit": "px",
                                            "top": "0",
                                            "right": "0",
                                            "bottom": "0",
                                            "left": "0",
                                            "isLinked": true
                                        }
                                    },
                                    "elements": [],
                                    "isInner": false,
                                    "widgetType": "heading",
                                    "elType": "widget"
                                },
                                {
                                    "id": "5fa4379e",
                                    "settings": {
                                        "title": "Write to us aside",
                                        "__globals__": {
                                            "title_color": "globals\/colors?id=text",
                                            "typography_typography": ""
                                        },
                                        "header_size": "h3",
                                        "_margin": {
                                            "unit": "px",
                                            "top": "5",
                                            "right": "0",
                                            "bottom": "0",
                                            "left": "0",
                                            "isLinked": false
                                        },
                                        "typography_font_family": "Inter",
                                        "typography_font_size": {
                                            "unit": "em",
                                            "size": 3.7,
                                            "sizes": []
                                        },
                                        "typography_font_weight": "400",
                                        "typography_line_height": {
                                            "unit": "em",
                                            "size": 1.1,
                                            "sizes": []
                                        },
                                        "_padding": {
                                            "unit": "px",
                                            "top": "0",
                                            "right": "0",
                                            "bottom": "0",
                                            "left": "0",
                                            "isLinked": false
                                        },
                                        "align_tablet": "center"
                                    },
                                    "elements": [],
                                    "isInner": false,
                                    "widgetType": "heading",
                                    "elType": "widget"
                                },
                                {
                                    "id": "105e32a4",
                                    "settings": {
                                        "editor": "<p>Please feel free to reach out to us using form aside. Our dedicated team is ready to provide you with the information and support you need. We value your feedback and look forward to hearing from you.<\/p>",
                                        "__globals__": {
                                            "text_color": "globals\/colors?id=text"
                                        },
                                        "_margin": {
                                            "unit": "px",
                                            "top": "50",
                                            "right": "0",
                                            "bottom": "-12",
                                            "left": "0",
                                            "isLinked": false
                                        },
                                        "align": "left",
                                        "_element_custom_width": {
                                            "unit": "%",
                                            "size": 50,
                                            "sizes": []
                                        },
                                        "_flex_align_self": "flex-start",
                                        "align_tablet": "center"
                                    },
                                    "elements": [],
                                    "isInner": false,
                                    "widgetType": "text-editor",
                                    "elType": "widget"
                                }
                            ],
                            "isInner": true,
                            "elType": "container"
                        },
                        {
                            "id": "355656c5",
                            "settings": {
                                "content_width": "full",
                                "width": {
                                    "unit": "%",
                                    "size": 44,
                                    "sizes": []
                                },
                                "background_background": "classic",
                                "border_radius": {
                                    "unit": "px",
                                    "top": "20",
                                    "right": "20",
                                    "bottom": "20",
                                    "left": "20",
                                    "isLinked": true
                                },
                                "margin": {
                                    "unit": "px",
                                    "top": "0",
                                    "right": "0",
                                    "bottom": "0",
                                    "left": "0",
                                    "isLinked": true
                                },
                                "padding": {
                                    "unit": "px",
                                    "top": "60",
                                    "right": "60",
                                    "bottom": "60",
                                    "left": "60",
                                    "isLinked": true
                                },
                                "__globals__": {
                                    "background_color": "globals\/colors?id=secondary"
                                },
                                "width_tablet": {
                                    "unit": "%",
                                    "size": 100,
                                    "sizes": []
                                },
                                "width_mobile": {
                                    "unit": "%",
                                    "size": "",
                                    "sizes": []
                                },
                                "padding_mobile": {
                                    "unit": "px",
                                    "top": "25",
                                    "right": "25",
                                    "bottom": "25",
                                    "left": "25",
                                    "isLinked": true
                                }
                            },
                            "elements": [
                                {
                                    "id": "68d19d2a",
                                    "settings": {
                                        "title": "Get In Touch",
                                        "__globals__": {
                                            "title_color": "globals\/colors?id=text",
                                            "typography_typography": ""
                                        },
                                        "header_size": "h4",
                                        "_margin": {
                                            "unit": "px",
                                            "top": "0",
                                            "right": "0",
                                            "bottom": "0",
                                            "left": "0",
                                            "isLinked": false
                                        },
                                        "typography_font_family": "Inter",
                                        "typography_font_size": {
                                            "unit": "em",
                                            "size": 3.7,
                                            "sizes": []
                                        },
                                        "typography_font_weight": "400",
                                        "typography_line_height": {
                                            "unit": "em",
                                            "size": 1.1,
                                            "sizes": []
                                        },
                                        "align": "center"
                                    },
                                    "elements": [],
                                    "isInner": false,
                                    "widgetType": "heading",
                                    "elType": "widget"
                                },
                                {
                                    "id": "7b5a04da",
                                    "settings": {
                                        "mf_form_id": "1258***1713855387811"
                                    },
                                    "elements": [],
                                    "isInner": false,
                                    "widgetType": "metform",
                                    "elType": "widget"
                                }
                            ],
                            "isInner": true,
                            "elType": "container"
                        }
                    ],
                    "isInner": true,
                    "elType": "container"
                }
            ],
            "isInner": false,
            "elType": "container"
        },
        {
            "id": "5d608d81",
            "settings": {
                "flex_direction": "row",
                "background_background": "classic",
                "margin": {
                    "unit": "px",
                    "top": "0",
                    "right": "0",
                    "bottom": "0",
                    "left": "0",
                    "isLinked": true
                },
                "padding": {
                    "unit": "px",
                    "top": "50",
                    "right": "0",
                    "bottom": "50",
                    "left": "0",
                    "isLinked": false
                },
                "_title": "FAQ",
                "__globals__": {
                    "background_color": "globals\/colors?id=text"
                },
                "padding_tablet": {
                    "unit": "px",
                    "top": "50",
                    "right": "30",
                    "bottom": "50",
                    "left": "30",
                    "isLinked": false
                },
                "padding_mobile": {
                    "unit": "px",
                    "top": "50",
                    "right": "20",
                    "bottom": "50",
                    "left": "20",
                    "isLinked": false
                }
            },
            "elements": [
                {
                    "id": "35ea027e",
                    "settings": {
                        "content_width": "full",
                        "margin": {
                            "unit": "px",
                            "top": "0",
                            "right": "0",
                            "bottom": "0",
                            "left": "0",
                            "isLinked": true
                        },
                        "padding": {
                            "unit": "px",
                            "top": "0",
                            "right": "0",
                            "bottom": "0",
                            "left": "0",
                            "isLinked": true
                        },
                        "flex_gap": {
                            "column": "50",
                            "row": "50",
                            "isLinked": true,
                            "unit": "px",
                            "size": 50
                        }
                    },
                    "elements": [
                        {
                            "id": "79ca18b6",
                            "settings": {
                                "content_width": "full",
                                "flex_direction": "row",
                                "flex_gap": {
                                    "column": "0",
                                    "row": "0",
                                    "isLinked": true,
                                    "unit": "px",
                                    "size": 0
                                },
                                "margin": {
                                    "unit": "px",
                                    "top": "0",
                                    "right": "0",
                                    "bottom": "0",
                                    "left": "0",
                                    "isLinked": true
                                },
                                "padding": {
                                    "unit": "px",
                                    "top": "0",
                                    "right": "0",
                                    "bottom": "0",
                                    "left": "0",
                                    "isLinked": true
                                },
                                "__globals__": {
                                    "background_color": ""
                                },
                                "_title": "Title",
                                "flex_direction_tablet": "column"
                            },
                            "elements": [
                                {
                                    "id": "11a13e72",
                                    "settings": {
                                        "content_width": "full",
                                        "width": {
                                            "unit": "%",
                                            "size": 68,
                                            "sizes": []
                                        },
                                        "flex_gap": {
                                            "column": "30",
                                            "row": "30",
                                            "isLinked": true,
                                            "unit": "px",
                                            "size": 30
                                        },
                                        "margin": {
                                            "unit": "px",
                                            "top": "0",
                                            "right": "0",
                                            "bottom": "0",
                                            "left": "0",
                                            "isLinked": true
                                        },
                                        "padding": {
                                            "unit": "px",
                                            "top": "0",
                                            "right": "0",
                                            "bottom": "0",
                                            "left": "0",
                                            "isLinked": true
                                        },
                                        "width_tablet": {
                                            "unit": "%",
                                            "size": 100,
                                            "sizes": []
                                        },
                                        "width_mobile": {
                                            "unit": "%",
                                            "size": "",
                                            "sizes": []
                                        }
                                    },
                                    "elements": [
                                        {
                                            "id": "5deeba31",
                                            "settings": {
                                                "content_width": "full",
                                                "flex_direction": "row",
                                                "flex_align_items": "center",
                                                "flex_gap": {
                                                    "column": "20",
                                                    "row": "20",
                                                    "isLinked": true,
                                                    "unit": "px",
                                                    "size": 20
                                                },
                                                "margin": {
                                                    "unit": "px",
                                                    "top": "0",
                                                    "right": "0",
                                                    "bottom": "0",
                                                    "left": "0",
                                                    "isLinked": true
                                                },
                                                "padding": {
                                                    "unit": "px",
                                                    "top": "0",
                                                    "right": "0",
                                                    "bottom": "0",
                                                    "left": "0",
                                                    "isLinked": true
                                                },
                                                "flex_justify_content_tablet": "center",
                                                "_flex_align_self_tablet": "center"
                                            },
                                            "elements": [
                                                {
                                                    "id": "63f5d02c",
                                                    "settings": {
                                                        "text": "Divider",
                                                        "_margin": {
                                                            "unit": "px",
                                                            "top": "0",
                                                            "right": "0",
                                                            "bottom": "0",
                                                            "left": "0",
                                                            "isLinked": true
                                                        },
                                                        "_padding": {
                                                            "unit": "px",
                                                            "top": "0",
                                                            "right": "0",
                                                            "bottom": "0",
                                                            "left": "0",
                                                            "isLinked": true
                                                        },
                                                        "_element_width": "initial",
                                                        "_element_custom_width": {
                                                            "unit": "%",
                                                            "size": 5,
                                                            "sizes": []
                                                        },
                                                        "__globals__": {
                                                            "color": "globals\/colors?id=secondary"
                                                        }
                                                    },
                                                    "elements": [],
                                                    "isInner": false,
                                                    "widgetType": "divider",
                                                    "elType": "widget"
                                                },
                                                {
                                                    "id": "13e5d069",
                                                    "settings": {
                                                        "editor": "<p>FAQ<\/p>",
                                                        "__globals__": {
                                                            "text_color": ""
                                                        },
                                                        "_margin": {
                                                            "unit": "px",
                                                            "top": "0",
                                                            "right": "0",
                                                            "bottom": "-12",
                                                            "left": "0",
                                                            "isLinked": false
                                                        },
                                                        "_element_width": "initial",
                                                        "_element_custom_width": {
                                                            "unit": "%",
                                                            "size": 95,
                                                            "sizes": []
                                                        },
                                                        "_element_width_tablet": "auto"
                                                    },
                                                    "elements": [],
                                                    "isInner": false,
                                                    "widgetType": "text-editor",
                                                    "elType": "widget"
                                                }
                                            ],
                                            "isInner": true,
                                            "elType": "container"
                                        },
                                        {
                                            "id": "62e60a42",
                                            "settings": {
                                                "title": "Got Questions? We Have Answers",
                                                "__globals__": {
                                                    "title_color": ""
                                                },
                                                "align_tablet": "center"
                                            },
                                            "elements": [],
                                            "isInner": false,
                                            "widgetType": "heading",
                                            "elType": "widget"
                                        }
                                    ],
                                    "isInner": true,
                                    "elType": "container"
                                },
                                {
                                    "id": "21d8cf12",
                                    "settings": {
                                        "content_width": "full",
                                        "width": {
                                            "unit": "%",
                                            "size": 32,
                                            "sizes": []
                                        },
                                        "flex_justify_content": "space-between",
                                        "margin": {
                                            "unit": "px",
                                            "top": "50",
                                            "right": "0",
                                            "bottom": "0",
                                            "left": "0",
                                            "isLinked": false
                                        },
                                        "padding": {
                                            "unit": "px",
                                            "top": "0",
                                            "right": "0",
                                            "bottom": "0",
                                            "left": "0",
                                            "isLinked": false
                                        },
                                        "flex_direction": "row",
                                        "_flex_align_self": "center",
                                        "width_tablet": {
                                            "unit": "%",
                                            "size": 100,
                                            "sizes": []
                                        },
                                        "width_mobile": {
                                            "unit": "%",
                                            "size": "",
                                            "sizes": []
                                        }
                                    },
                                    "elements": [
                                        {
                                            "id": "76190c68",
                                            "settings": {
                                                "editor": "<p>Explore our frequently asked questions to find answers to common queries about the studio, our services, process, and more<\/p>",
                                                "__globals__": {
                                                    "text_color": ""
                                                },
                                                "_margin": {
                                                    "unit": "px",
                                                    "top": "0",
                                                    "right": "0",
                                                    "bottom": "0",
                                                    "left": "0",
                                                    "isLinked": false
                                                },
                                                "align": "left",
                                                "_flex_align_self": "flex-end",
                                                "align_tablet": "center"
                                            },
                                            "elements": [],
                                            "isInner": false,
                                            "widgetType": "text-editor",
                                            "elType": "widget"
                                        }
                                    ],
                                    "isInner": true,
                                    "elType": "container"
                                }
                            ],
                            "isInner": true,
                            "elType": "container"
                        },
                        {
                            "id": "4def9752",
                            "settings": {
                                "content_width": "full",
                                "flex_direction": "row",
                                "flex_gap": {
                                    "column": "50",
                                    "row": "50",
                                    "isLinked": true,
                                    "unit": "px",
                                    "size": 50
                                },
                                "margin": {
                                    "unit": "px",
                                    "top": "0",
                                    "right": "0",
                                    "bottom": "0",
                                    "left": "0",
                                    "isLinked": true
                                },
                                "padding": {
                                    "unit": "px",
                                    "top": "0",
                                    "right": "0",
                                    "bottom": "0",
                                    "left": "0",
                                    "isLinked": true
                                },
                                "_title": "Content",
                                "flex_direction_tablet": "column"
                            },
                            "elements": [
                                {
                                    "id": "d4a5e9c",
                                    "settings": {
                                        "content_width": "full",
                                        "margin": {
                                            "unit": "px",
                                            "top": "0",
                                            "right": "0",
                                            "bottom": "0",
                                            "left": "0",
                                            "isLinked": true
                                        },
                                        "padding": {
                                            "unit": "px",
                                            "top": "0",
                                            "right": "0",
                                            "bottom": "0",
                                            "left": "0",
                                            "isLinked": true
                                        },
                                        "width": {
                                            "unit": "%",
                                            "size": 40,
                                            "sizes": []
                                        },
                                        "background_hover_background": "classic",
                                        "background_hover_transition": {
                                            "unit": "px",
                                            "size": 1,
                                            "sizes": []
                                        },
                                        "__globals__": {
                                            "background_hover_color": "globals\/colors?id=2056270"
                                        },
                                        "width_tablet": {
                                            "unit": "%",
                                            "size": 100,
                                            "sizes": []
                                        },
                                        "width_mobile": {
                                            "unit": "%",
                                            "size": "",
                                            "sizes": []
                                        }
                                    },
                                    "elements": [
                                        {
                                            "id": "203cda80",
                                            "settings": {
                                                "image_size": "full",
                                                "_title": "Image",
                                                "image": {
                                                    "url": "http:\/\/thanksfortoday.studio\/axistudio\/wp-content\/uploads\/sites\/39\/2024\/04\/graphic-designers-checking-on-color-swatc-2023-11-27-04-58-23-utc-square-croping.jpg",
                                                    "id": 3319,
                                                    "size": "",
                                                    "alt": "",
                                                    "source": "library"
                                                }
                                            },
                                            "elements": [],
                                            "isInner": false,
                                            "widgetType": "image",
                                            "elType": "widget"
                                        }
                                    ],
                                    "isInner": true,
                                    "elType": "container"
                                },
                                {
                                    "id": "749d8e39",
                                    "settings": {
                                        "content_width": "full",
                                        "margin": {
                                            "unit": "px",
                                            "top": "0",
                                            "right": "0",
                                            "bottom": "0",
                                            "left": "0",
                                            "isLinked": true
                                        },
                                        "padding": {
                                            "unit": "px",
                                            "top": "20",
                                            "right": "0",
                                            "bottom": "0",
                                            "left": "0",
                                            "isLinked": false
                                        },
                                        "width": {
                                            "unit": "%",
                                            "size": 60,
                                            "sizes": []
                                        },
                                        "width_tablet": {
                                            "unit": "%",
                                            "size": 100,
                                            "sizes": []
                                        },
                                        "width_mobile": {
                                            "unit": "%",
                                            "size": "",
                                            "sizes": []
                                        }
                                    },
                                    "elements": [
                                        {
                                            "id": "31630c0",
                                            "settings": {
                                                "ekit_accordion_items": [
                                                    {
                                                        "acc_title": "What services does our agency studio offer?",
                                                        "ekit_acc_is_active": "yes",
                                                        "_id": "c1feb6e",
                                                        "acc_content": "<p>Our studio offers comprehensive creative services to meet diverse client needs. From graphic and web design to branding, social media management, content creation, and digital marketing.<\/p>"
                                                    },
                                                    {
                                                        "acc_title": "How do I get started with Axis Studio?",
                                                        "_id": "9261905",
                                                        "acc_content": "<p>Getting started with us is easy! Simply reach out to us via phone, email, or the contact form on our website, and one of our team members will be in touch to discuss your project and next steps.<\/p>"
                                                    },
                                                    {
                                                        "acc_title": "How long does it take to complete a project?",
                                                        "_id": "f7757b4",
                                                        "acc_content": "<p>The time required to complete a project varies depending on its scope, complexity, and specific requirements. Factors such as design revisions, content development, and client feedback also influence project timelines.<\/p>"
                                                    },
                                                    {
                                                        "_id": "89686bc",
                                                        "acc_title": "What is your pricing model?",
                                                        "acc_content": "<p>Our pricing model is flexible and tailored to the individual needs of each client and project. We understand that every project is unique, and pricing depends on factors such as scope, complexity, and desired deliverables.<\/p>"
                                                    }
                                                ],
                                                "ekit_accordion_right_icons": {
                                                    "value": "jki jki-arrow-up-right-line",
                                                    "library": "jkiticon"
                                                },
                                                "ekit_accordion_right_icon_actives": {
                                                    "value": "jki jki-arrow-down-right-line",
                                                    "library": "jkiticon"
                                                },
                                                "ekit_accordion_icon_typography_close": {
                                                    "unit": "px",
                                                    "size": 35,
                                                    "sizes": []
                                                },
                                                "ekit_accordion_icon_typography": {
                                                    "unit": "px",
                                                    "size": 35,
                                                    "sizes": []
                                                },
                                                "__globals__": {
                                                    "ekit_accordion_title_typography_typography": "globals\/typography?id=cba7bd8",
                                                    "ekit_accordion_title_color": "globals\/colors?id=secondary",
                                                    "ekit_accordion_background_color": "globals\/colors?id=text",
                                                    "ekit_accordion_title_color_close": "",
                                                    "ekit_accordion_background_close_color": "globals\/colors?id=text",
                                                    "ekit_accordion_border_closed_color": "globals\/colors?id=accent",
                                                    "ekit_accordion_border_open_color": "globals\/colors?id=accent"
                                                },
                                                "ekit_accordion_title_typography_typography": "custom",
                                                "ekit_accordion_title_typography_font_family": "Inter",
                                                "ekit_accordion_title_typography_font_size": {
                                                    "unit": "em",
                                                    "size": 1.5,
                                                    "sizes": []
                                                },
                                                "ekit_accordion_title_typography_font_weight": "400",
                                                "ekit_accordion_title_typography_line_height": {
                                                    "unit": "em",
                                                    "size": "",
                                                    "sizes": []
                                                },
                                                "ekit_accordion_title_color": "#1A1A1A",
                                                "ekit_accordion_background_background": "classic",
                                                "ekit_accordion_background_color": "#F0F0F0",
                                                "ekit_accordion_background_close_background": "classic",
                                                "ekit_accordion_title_padding": {
                                                    "unit": "px",
                                                    "top": "10",
                                                    "right": "50",
                                                    "bottom": "20",
                                                    "left": "0",
                                                    "isLinked": false
                                                },
                                                "ekit_accordion_content_padding": {
                                                    "unit": "px",
                                                    "top": "0",
                                                    "right": "75",
                                                    "bottom": "20",
                                                    "left": "0",
                                                    "isLinked": false
                                                },
                                                "ekit_accordion_border_closed_border": "solid",
                                                "ekit_accordion_border_closed_width": {
                                                    "unit": "px",
                                                    "top": "0",
                                                    "right": "0",
                                                    "bottom": "1",
                                                    "left": "0",
                                                    "isLinked": false
                                                },
                                                "ekit_accordion_border_open_border": "solid",
                                                "ekit_accordion_border_open_width": {
                                                    "unit": "px",
                                                    "top": "0",
                                                    "right": "0",
                                                    "bottom": "1",
                                                    "left": "0",
                                                    "isLinked": false
                                                },
                                                "ekit_accordion_title_padding_mobile": {
                                                    "unit": "px",
                                                    "top": "10",
                                                    "right": "25",
                                                    "bottom": "20",
                                                    "left": "0",
                                                    "isLinked": false
                                                },
                                                "ekit_accordion_content_padding_mobile": {
                                                    "unit": "px",
                                                    "top": "0",
                                                    "right": "15",
                                                    "bottom": "20",
                                                    "left": "15",
                                                    "isLinked": false
                                                },
                                                "ekit_accordion_icon_typography_close_mobile": {
                                                    "unit": "px",
                                                    "size": 30,
                                                    "sizes": []
                                                },
                                                "ekit_accordion_icon_typography_mobile": {
                                                    "unit": "px",
                                                    "size": 30,
                                                    "sizes": []
                                                },
                                                "ekit_accordion_icon_padding_mobile": {
                                                    "unit": "px",
                                                    "top": "0",
                                                    "right": "0",
                                                    "bottom": "0",
                                                    "left": "0",
                                                    "isLinked": false
                                                },
                                                "ekit_accordion_section_icon_margin_mobile": {
                                                    "unit": "px",
                                                    "top": "0",
                                                    "right": "0",
                                                    "bottom": "0",
                                                    "left": "0",
                                                    "isLinked": false
                                                }
                                            },
                                            "elements": [],
                                            "isInner": false,
                                            "widgetType": "elementskit-accordion",
                                            "elType": "widget"
                                        }
                                    ],
                                    "isInner": true,
                                    "elType": "container"
                                }
                            ],
                            "isInner": true,
                            "elType": "container"
                        }
                    ],
                    "isInner": true,
                    "elType": "container"
                }
            ],
            "isInner": false,
            "elType": "container"
        }
    ],
    "page_settings": {
        "hide_title": "yes",
        "template": "elementor_header_footer"
    }
}