{
    "version": "0.4",
    "title": "Footer",
    "type": "section",
    "metadata": {
        "template_type": "section-footer",
        "include_in_zip": "1",
        "elementor_pro_required": null,
        "wp_page_template": "elementor_canvas"
    },
    "content": [
        {
            "id": "702440bc",
            "settings": {
                "flex_direction": "row",
                "margin": {
                    "unit": "px",
                    "top": "0",
                    "right": "0",
                    "bottom": "0",
                    "left": "0",
                    "isLinked": true
                },
                "padding": {
                    "unit": "px",
                    "top": "50",
                    "right": "0",
                    "bottom": "100",
                    "left": "0",
                    "isLinked": false
                },
                "_title": "Footer",
                "background_background": "classic",
                "__globals__": {
                    "background_color": "globals\/colors?id=text"
                },
                "padding_tablet": {
                    "unit": "px",
                    "top": "50",
                    "right": "30",
                    "bottom": "100",
                    "left": "30",
                    "isLinked": false
                },
                "padding_mobile": {
                    "unit": "px",
                    "top": "50",
                    "right": "20",
                    "bottom": "100",
                    "left": "20",
                    "isLinked": false
                },
                "overflow": "hidden"
            },
            "elements": [
                {
                    "id": "6e21b910",
                    "settings": {
                        "content_width": "full",
                        "flex_gap": {
                            "column": "50",
                            "row": "50",
                            "isLinked": true,
                            "unit": "px",
                            "size": 50
                        },
                        "background_background": "classic",
                        "border_radius": {
                            "unit": "px",
                            "top": "20",
                            "right": "20",
                            "bottom": "20",
                            "left": "20",
                            "isLinked": true
                        },
                        "margin": {
                            "unit": "px",
                            "top": "0",
                            "right": "0",
                            "bottom": "0",
                            "left": "0",
                            "isLinked": true
                        },
                        "padding": {
                            "unit": "px",
                            "top": "50",
                            "right": "50",
                            "bottom": "50",
                            "left": "50",
                            "isLinked": true
                        },
                        "__globals__": {
                            "background_color": "globals\/colors?id=primary"
                        },
                        "flex_gap_mobile": {
                            "column": "30",
                            "row": "30",
                            "isLinked": true,
                            "unit": "px",
                            "size": 30
                        }
                    },
                    "elements": [
                        {
                            "id": "36b7fba0",
                            "settings": {
                                "content_width": "full",
                                "flex_direction": "row",
                                "flex_gap": {
                                    "column": "50",
                                    "row": "50",
                                    "isLinked": true,
                                    "unit": "px",
                                    "size": 50
                                },
                                "margin": {
                                    "unit": "px",
                                    "top": "0",
                                    "right": "0",
                                    "bottom": "0",
                                    "left": "0",
                                    "isLinked": true
                                },
                                "padding": {
                                    "unit": "px",
                                    "top": "0",
                                    "right": "0",
                                    "bottom": "0",
                                    "left": "0",
                                    "isLinked": true
                                },
                                "_title": "CTA",
                                "flex_direction_tablet": "column",
                                "flex_gap_tablet": {
                                    "column": "30",
                                    "row": "30",
                                    "isLinked": true,
                                    "unit": "px",
                                    "size": 30
                                }
                            },
                            "elements": [
                                {
                                    "id": "237c0c05",
                                    "settings": {
                                        "content_width": "full",
                                        "width": {
                                            "unit": "%",
                                            "size": 79,
                                            "sizes": []
                                        },
                                        "flex_gap": {
                                            "column": "30",
                                            "row": "30",
                                            "isLinked": true,
                                            "unit": "px",
                                            "size": 30
                                        },
                                        "margin": {
                                            "unit": "px",
                                            "top": "0",
                                            "right": "0",
                                            "bottom": "0",
                                            "left": "0",
                                            "isLinked": true
                                        },
                                        "padding": {
                                            "unit": "px",
                                            "top": "0",
                                            "right": "0",
                                            "bottom": "0",
                                            "left": "0",
                                            "isLinked": true
                                        },
                                        "width_tablet": {
                                            "unit": "%",
                                            "size": 100,
                                            "sizes": []
                                        },
                                        "width_mobile": {
                                            "unit": "%",
                                            "size": "",
                                            "sizes": []
                                        }
                                    },
                                    "elements": [
                                        {
                                            "id": "3fa51f35",
                                            "settings": {
                                                "title": "Ready to take your brand to new heights of success?",
                                                "__globals__": {
                                                    "title_color": "globals\/colors?id=text",
                                                    "typography_typography": "globals\/typography?id=ddd3db2"
                                                },
                                                "title_color": "#F0F0F0",
                                                "align_tablet": "center"
                                            },
                                            "elements": [],
                                            "isInner": false,
                                            "widgetType": "heading",
                                            "elType": "widget"
                                        },
                                        {
                                            "id": "712c362c",
                                            "settings": {
                                                "editor": "<p>Let's Get Started Today!<\/p>",
                                                "__globals__": {
                                                    "text_color": "globals\/colors?id=text"
                                                },
                                                "_margin": {
                                                    "unit": "px",
                                                    "top": "0",
                                                    "right": "0",
                                                    "bottom": "-12",
                                                    "left": "0",
                                                    "isLinked": false
                                                },
                                                "align_tablet": "center"
                                            },
                                            "elements": [],
                                            "isInner": false,
                                            "widgetType": "text-editor",
                                            "elType": "widget"
                                        }
                                    ],
                                    "isInner": true,
                                    "elType": "container"
                                },
                                {
                                    "id": "1145d4a4",
                                    "settings": {
                                        "content_width": "full",
                                        "width": {
                                            "unit": "%",
                                            "size": 21,
                                            "sizes": []
                                        },
                                        "flex_justify_content": "center",
                                        "margin": {
                                            "unit": "px",
                                            "top": "0",
                                            "right": "0",
                                            "bottom": "0",
                                            "left": "0",
                                            "isLinked": true
                                        },
                                        "padding": {
                                            "unit": "px",
                                            "top": "0",
                                            "right": "0",
                                            "bottom": "0",
                                            "left": "0",
                                            "isLinked": true
                                        },
                                        "width_tablet": {
                                            "unit": "%",
                                            "size": 100,
                                            "sizes": []
                                        },
                                        "width_mobile": {
                                            "unit": "%",
                                            "size": "",
                                            "sizes": []
                                        },
                                        "_flex_align_self_tablet": "center"
                                    },
                                    "elements": [
                                        {
                                            "id": "2b992916",
                                            "settings": {
                                                "text": "CONTACT US",
                                                "align": "right",
                                                "_margin": {
                                                    "unit": "px",
                                                    "top": "0",
                                                    "right": "0",
                                                    "bottom": "0",
                                                    "left": "0",
                                                    "isLinked": true
                                                },
                                                "_padding": {
                                                    "unit": "px",
                                                    "top": "0",
                                                    "right": "0",
                                                    "bottom": "0",
                                                    "left": "0",
                                                    "isLinked": true
                                                },
                                                "_flex_align_self": "center",
                                                "__globals__": {
                                                    "hover_color": "globals\/colors?id=secondary",
                                                    "button_background_hover_color": "globals\/colors?id=text"
                                                },
                                                "align_tablet": "center"
                                            },
                                            "elements": [],
                                            "isInner": false,
                                            "widgetType": "button",
                                            "elType": "widget"
                                        }
                                    ],
                                    "isInner": true,
                                    "elType": "container"
                                }
                            ],
                            "isInner": true,
                            "elType": "container"
                        },
                        {
                            "id": "77dc1d4b",
                            "settings": {
                                "align": "center",
                                "text": "Divider",
                                "gap": {
                                    "unit": "px",
                                    "size": 0,
                                    "sizes": []
                                },
                                "__globals__": {
                                    "color": "globals\/colors?id=text"
                                }
                            },
                            "elements": [],
                            "isInner": false,
                            "widgetType": "divider",
                            "elType": "widget"
                        },
                        {
                            "id": "2db5951",
                            "settings": {
                                "content_width": "full",
                                "margin": {
                                    "unit": "px",
                                    "top": "0",
                                    "right": "0",
                                    "bottom": "0",
                                    "left": "0",
                                    "isLinked": true
                                },
                                "padding": {
                                    "unit": "px",
                                    "top": "0",
                                    "right": "0",
                                    "bottom": "0",
                                    "left": "0",
                                    "isLinked": true
                                },
                                "_title": "Footer",
                                "flex_direction": "row",
                                "flex_gap": {
                                    "column": "125",
                                    "row": "125",
                                    "isLinked": true,
                                    "unit": "px",
                                    "size": 125
                                },
                                "flex_direction_tablet": "column-reverse",
                                "flex_gap_tablet": {
                                    "column": "50",
                                    "row": "50",
                                    "isLinked": true,
                                    "unit": "px",
                                    "size": 50
                                },
                                "flex_gap_mobile": {
                                    "column": "30",
                                    "row": "30",
                                    "isLinked": true,
                                    "unit": "px",
                                    "size": 30
                                }
                            },
                            "elements": [
                                {
                                    "id": "1b579d07",
                                    "settings": {
                                        "content_width": "full",
                                        "flex_gap": {
                                            "column": "30",
                                            "row": "30",
                                            "isLinked": true,
                                            "unit": "px",
                                            "size": 30
                                        },
                                        "margin": {
                                            "unit": "px",
                                            "top": "0",
                                            "right": "0",
                                            "bottom": "0",
                                            "left": "0",
                                            "isLinked": true
                                        },
                                        "padding": {
                                            "unit": "px",
                                            "top": "0",
                                            "right": "0",
                                            "bottom": "0",
                                            "left": "0",
                                            "isLinked": true
                                        }
                                    },
                                    "elements": [
                                        {
                                            "id": "aff7679",
                                            "settings": {
                                                "content_width": "full",
                                                "flex_gap": {
                                                    "column": "",
                                                    "row": "",
                                                    "isLinked": true,
                                                    "unit": "px",
                                                    "size": null
                                                },
                                                "margin": {
                                                    "unit": "px",
                                                    "top": "0",
                                                    "right": "0",
                                                    "bottom": "0",
                                                    "left": "0",
                                                    "isLinked": true
                                                },
                                                "padding": {
                                                    "unit": "px",
                                                    "top": "0",
                                                    "right": "0",
                                                    "bottom": "0",
                                                    "left": "0",
                                                    "isLinked": true
                                                },
                                                "flex_gap_mobile": {
                                                    "column": "30",
                                                    "row": "30",
                                                    "isLinked": true,
                                                    "unit": "px",
                                                    "size": 30
                                                }
                                            },
                                            "elements": [
                                                {
                                                    "id": "2598e87d",
                                                    "settings": {
                                                        "image": {
                                                            "url": "http:\/\/thanksfortoday.studio\/axistudio\/wp-content\/uploads\/sites\/39\/2024\/04\/axistudio-logo-light.png",
                                                            "id": 105,
                                                            "size": "",
                                                            "alt": "",
                                                            "source": "library"
                                                        },
                                                        "image_size": "full",
                                                        "align": "left",
                                                        "width": {
                                                            "unit": "%",
                                                            "size": 55,
                                                            "sizes": []
                                                        },
                                                        "align_tablet": "center",
                                                        "width_mobile": {
                                                            "unit": "%",
                                                            "size": 100,
                                                            "sizes": []
                                                        }
                                                    },
                                                    "elements": [],
                                                    "isInner": false,
                                                    "widgetType": "image",
                                                    "elType": "widget"
                                                },
                                                {
                                                    "id": "66914077",
                                                    "settings": {
                                                        "editor": "<p>Whether you're looking to refresh your brand identity, launch a new website, or develop a comprehensive digital marketing strategy, we're here to help. Let's work together to bring your vision to life and achieve your business goals<\/p>",
                                                        "__globals__": {
                                                            "text_color": "globals\/colors?id=text",
                                                            "typography_typography": ""
                                                        },
                                                        "text_color": "#F0F0F0",
                                                        "typography_font_family": "Inter",
                                                        "typography_font_size": {
                                                            "unit": "em",
                                                            "size": 1,
                                                            "sizes": []
                                                        },
                                                        "typography_font_weight": "300",
                                                        "typography_line_height": {
                                                            "unit": "em",
                                                            "size": 2,
                                                            "sizes": []
                                                        },
                                                        "_margin": {
                                                            "unit": "px",
                                                            "top": "0",
                                                            "right": "0",
                                                            "bottom": "-12",
                                                            "left": "0",
                                                            "isLinked": false
                                                        },
                                                        "align_tablet": "center"
                                                    },
                                                    "elements": [],
                                                    "isInner": false,
                                                    "widgetType": "text-editor",
                                                    "elType": "widget"
                                                }
                                            ],
                                            "isInner": true,
                                            "elType": "container"
                                        },
                                        {
                                            "id": "3b20bb86",
                                            "settings": {
                                                "content_width": "full",
                                                "margin": {
                                                    "unit": "px",
                                                    "top": "0",
                                                    "right": "0",
                                                    "bottom": "0",
                                                    "left": "0",
                                                    "isLinked": true
                                                },
                                                "padding": {
                                                    "unit": "px",
                                                    "top": "0",
                                                    "right": "0",
                                                    "bottom": "0",
                                                    "left": "0",
                                                    "isLinked": true
                                                },
                                                "flex_align_items_tablet": "center",
                                                "flex_gap_mobile": {
                                                    "column": "30",
                                                    "row": "30",
                                                    "isLinked": true,
                                                    "unit": "px",
                                                    "size": 30
                                                }
                                            },
                                            "elements": [
                                                {
                                                    "id": "d6eba62",
                                                    "settings": {
                                                        "ekit_socialmedia_add_icons": [
                                                            {
                                                                "ekit_socialmedia_icons": {
                                                                    "value": "fab fa-whatsapp",
                                                                    "library": "fa-brands"
                                                                },
                                                                "ekit_socialmedia_label": "WhatsApp",
                                                                "ekit_socialmedia_icon_hover_bg_color": "",
                                                                "_id": "3a1df55",
                                                                "ekit_socialmedia_link": {
                                                                    "url": "https:\/\/whatsapp.com",
                                                                    "is_external": "",
                                                                    "nofollow": "",
                                                                    "custom_attributes": ""
                                                                },
                                                                "ekit_socialmedia_border_border": "solid",
                                                                "ekit_socialmedia_border_width": {
                                                                    "unit": "px",
                                                                    "top": "2",
                                                                    "right": "2",
                                                                    "bottom": "2",
                                                                    "left": "2",
                                                                    "isLinked": true
                                                                },
                                                                "__globals__": {
                                                                    "ekit_socialmedia_icon_color": "globals\/colors?id=text",
                                                                    "ekit_socialmedia_icon_bg_color": "globals\/colors?id=primary",
                                                                    "ekit_socialmedia_border_color": "globals\/colors?id=secondary"
                                                                }
                                                            },
                                                            {
                                                                "ekit_socialmedia_icons": {
                                                                    "value": "fab fa-instagram",
                                                                    "library": "fa-brands"
                                                                },
                                                                "ekit_socialmedia_label": "Instagram",
                                                                "ekit_socialmedia_icon_hover_bg_color": "",
                                                                "_id": "f8f38e8",
                                                                "ekit_socialmedia_link": {
                                                                    "url": "https:\/\/instagram.com",
                                                                    "is_external": "",
                                                                    "nofollow": "",
                                                                    "custom_attributes": ""
                                                                },
                                                                "ekit_socialmedia_border_border": "solid",
                                                                "ekit_socialmedia_border_width": {
                                                                    "unit": "px",
                                                                    "top": "2",
                                                                    "right": "2",
                                                                    "bottom": "2",
                                                                    "left": "2",
                                                                    "isLinked": true
                                                                },
                                                                "__globals__": {
                                                                    "ekit_socialmedia_icon_color": "globals\/colors?id=text",
                                                                    "ekit_socialmedia_icon_bg_color": "globals\/colors?id=primary",
                                                                    "ekit_socialmedia_border_color": "globals\/colors?id=accent"
                                                                }
                                                            },
                                                            {
                                                                "ekit_socialmedia_icons": {
                                                                    "value": "fab fa-behance",
                                                                    "library": "fa-brands"
                                                                },
                                                                "ekit_socialmedia_label": "Behance",
                                                                "ekit_socialmedia_icon_hover_bg_color": "",
                                                                "_id": "cdd2c41",
                                                                "ekit_socialmedia_link": {
                                                                    "url": "https:\/\/behace.com",
                                                                    "is_external": "",
                                                                    "nofollow": "",
                                                                    "custom_attributes": ""
                                                                },
                                                                "ekit_socialmedia_icon_color": "#F0F0F0",
                                                                "ekit_socialmedia_icon_bg_color": "#1A1A1A",
                                                                "ekit_socialmedia_border_border": "solid",
                                                                "ekit_socialmedia_border_width": {
                                                                    "unit": "px",
                                                                    "top": "2",
                                                                    "right": "2",
                                                                    "bottom": "2",
                                                                    "left": "2",
                                                                    "isLinked": true
                                                                },
                                                                "__globals__": {
                                                                    "ekit_socialmedia_icon_color": "globals\/colors?id=text",
                                                                    "ekit_socialmedia_icon_bg_color": "globals\/colors?id=primary",
                                                                    "ekit_socialmedia_border_color": "globals\/colors?id=2056270"
                                                                }
                                                            },
                                                            {
                                                                "ekit_socialmedia_icons": {
                                                                    "value": "fab fa-dribbble",
                                                                    "library": "fa-brands"
                                                                },
                                                                "ekit_socialmedia_label": "Dribbble",
                                                                "ekit_socialmedia_icon_hover_bg_color": "",
                                                                "ekit_socialmedia_link": {
                                                                    "url": "https:\/\/dribbble.com",
                                                                    "is_external": "",
                                                                    "nofollow": "",
                                                                    "custom_attributes": ""
                                                                },
                                                                "ekit_socialmedia_icon_color": "#F0F0F0",
                                                                "ekit_socialmedia_icon_bg_color": "#1A1A1A",
                                                                "ekit_socialmedia_border_border": "solid",
                                                                "ekit_socialmedia_border_width": {
                                                                    "unit": "px",
                                                                    "top": "2",
                                                                    "right": "2",
                                                                    "bottom": "2",
                                                                    "left": "2",
                                                                    "isLinked": true
                                                                },
                                                                "__globals__": {
                                                                    "ekit_socialmedia_icon_color": "globals\/colors?id=text",
                                                                    "ekit_socialmedia_icon_bg_color": "globals\/colors?id=primary",
                                                                    "ekit_socialmedia_border_color": "globals\/colors?id=text"
                                                                },
                                                                "_id": "a030c20"
                                                            }
                                                        ],
                                                        "ekit_socialmedai_list_icon_size": {
                                                            "unit": "px",
                                                            "size": 20,
                                                            "sizes": []
                                                        },
                                                        "ekit_socialmedai_list_width": {
                                                            "unit": "px",
                                                            "size": 40,
                                                            "sizes": []
                                                        },
                                                        "ekit_socialmedai_list_height": {
                                                            "unit": "px",
                                                            "size": 40,
                                                            "sizes": []
                                                        },
                                                        "ekit_socialmedai_list_line_height": {
                                                            "unit": "px",
                                                            "size": 37,
                                                            "sizes": []
                                                        },
                                                        "_margin": {
                                                            "unit": "px",
                                                            "top": "0",
                                                            "right": "0",
                                                            "bottom": "0",
                                                            "left": "0",
                                                            "isLinked": true
                                                        },
                                                        "_padding": {
                                                            "unit": "px",
                                                            "top": "0",
                                                            "right": "0",
                                                            "bottom": "0",
                                                            "left": "0",
                                                            "isLinked": true
                                                        },
                                                        "_flex_align_self": "flex-start",
                                                        "_flex_align_self_tablet": "center"
                                                    },
                                                    "elements": [],
                                                    "isInner": false,
                                                    "widgetType": "elementskit-social-media",
                                                    "elType": "widget"
                                                },
                                                {
                                                    "id": "6dba039e",
                                                    "settings": {
                                                        "editor": "<p>hello@axistudio.com<\/p>",
                                                        "__globals__": {
                                                            "text_color": "globals\/colors?id=text"
                                                        },
                                                        "_margin": {
                                                            "unit": "px",
                                                            "top": "0",
                                                            "right": "0",
                                                            "bottom": "-12",
                                                            "left": "0",
                                                            "isLinked": false
                                                        }
                                                    },
                                                    "elements": [],
                                                    "isInner": false,
                                                    "widgetType": "text-editor",
                                                    "elType": "widget"
                                                }
                                            ],
                                            "isInner": true,
                                            "elType": "container"
                                        }
                                    ],
                                    "isInner": true,
                                    "elType": "container"
                                },
                                {
                                    "id": "4775b562",
                                    "settings": {
                                        "content_width": "full",
                                        "flex_gap": {
                                            "column": "30",
                                            "row": "30",
                                            "isLinked": true,
                                            "unit": "px",
                                            "size": 30
                                        },
                                        "margin": {
                                            "unit": "px",
                                            "top": "0",
                                            "right": "0",
                                            "bottom": "0",
                                            "left": "0",
                                            "isLinked": true
                                        },
                                        "padding": {
                                            "unit": "px",
                                            "top": "0",
                                            "right": "0",
                                            "bottom": "0",
                                            "left": "0",
                                            "isLinked": true
                                        }
                                    },
                                    "elements": [
                                        {
                                            "id": "2476c4c7",
                                            "settings": {
                                                "content_width": "full",
                                                "margin": {
                                                    "unit": "px",
                                                    "top": "0",
                                                    "right": "0",
                                                    "bottom": "0",
                                                    "left": "0",
                                                    "isLinked": true
                                                },
                                                "padding": {
                                                    "unit": "px",
                                                    "top": "0",
                                                    "right": "0",
                                                    "bottom": "0",
                                                    "left": "0",
                                                    "isLinked": true
                                                }
                                            },
                                            "elements": [
                                                {
                                                    "id": "43aa6ff0",
                                                    "settings": {
                                                        "title": "Links",
                                                        "header_size": "div",
                                                        "__globals__": {
                                                            "title_color": "globals\/colors?id=text",
                                                            "typography_typography": "globals\/typography?id=bea3d3e"
                                                        },
                                                        "align_tablet": "center"
                                                    },
                                                    "elements": [],
                                                    "isInner": false,
                                                    "widgetType": "heading",
                                                    "elType": "widget"
                                                }
                                            ],
                                            "isInner": true,
                                            "elType": "container"
                                        },
                                        {
                                            "id": "553de15e",
                                            "settings": {
                                                "content_width": "full",
                                                "flex_direction": "row",
                                                "flex_justify_content": "space-between",
                                                "margin": {
                                                    "unit": "px",
                                                    "top": "0",
                                                    "right": "0",
                                                    "bottom": "0",
                                                    "left": "0",
                                                    "isLinked": true
                                                },
                                                "padding": {
                                                    "unit": "px",
                                                    "top": "0",
                                                    "right": "0",
                                                    "bottom": "0",
                                                    "left": "0",
                                                    "isLinked": true
                                                },
                                                "flex_direction_mobile": "column"
                                            },
                                            "elements": [
                                                {
                                                    "id": "72b8511a",
                                                    "settings": {
                                                        "icon_list": [
                                                            {
                                                                "text": "Home",
                                                                "selected_icon": {
                                                                    "value": "",
                                                                    "library": ""
                                                                },
                                                                "_id": "92e84d2"
                                                            },
                                                            {
                                                                "text": "About",
                                                                "selected_icon": {
                                                                    "value": "",
                                                                    "library": ""
                                                                },
                                                                "_id": "8c029dc"
                                                            },
                                                            {
                                                                "text": "Blog",
                                                                "selected_icon": {
                                                                    "value": "",
                                                                    "library": ""
                                                                },
                                                                "_id": "cbb447a"
                                                            },
                                                            {
                                                                "text": "Contact",
                                                                "selected_icon": {
                                                                    "value": "",
                                                                    "library": ""
                                                                },
                                                                "_id": "6126f29"
                                                            }
                                                        ],
                                                        "space_between": {
                                                            "unit": "px",
                                                            "size": 20,
                                                            "sizes": []
                                                        },
                                                        "text_color": "#F0F0F0",
                                                        "__globals__": {
                                                            "text_color": "globals\/colors?id=text",
                                                            "icon_typography_typography": "globals\/typography?id=17400c3"
                                                        },
                                                        "icon_align_mobile": "center"
                                                    },
                                                    "elements": [],
                                                    "isInner": false,
                                                    "widgetType": "icon-list",
                                                    "elType": "widget"
                                                },
                                                {
                                                    "id": "340f2ed6",
                                                    "settings": {
                                                        "icon_list": [
                                                            {
                                                                "text": "Glossary",
                                                                "selected_icon": {
                                                                    "value": "",
                                                                    "library": ""
                                                                },
                                                                "_id": "92e84d2"
                                                            },
                                                            {
                                                                "text": "Privacy Policy",
                                                                "selected_icon": {
                                                                    "value": "",
                                                                    "library": ""
                                                                },
                                                                "_id": "8c029dc"
                                                            },
                                                            {
                                                                "text": "Terms",
                                                                "selected_icon": {
                                                                    "value": "",
                                                                    "library": ""
                                                                },
                                                                "_id": "cbb447a"
                                                            },
                                                            {
                                                                "text": "Style Guide",
                                                                "selected_icon": {
                                                                    "value": "",
                                                                    "library": ""
                                                                },
                                                                "_id": "6126f29"
                                                            }
                                                        ],
                                                        "space_between": {
                                                            "unit": "px",
                                                            "size": 20,
                                                            "sizes": []
                                                        },
                                                        "__globals__": {
                                                            "text_color": "globals\/colors?id=text",
                                                            "icon_typography_typography": "globals\/typography?id=17400c3"
                                                        },
                                                        "icon_align_mobile": "center"
                                                    },
                                                    "elements": [],
                                                    "isInner": false,
                                                    "widgetType": "icon-list",
                                                    "elType": "widget"
                                                },
                                                {
                                                    "id": "67ff3422",
                                                    "settings": {
                                                        "icon_list": [
                                                            {
                                                                "text": "Career",
                                                                "selected_icon": {
                                                                    "value": "",
                                                                    "library": ""
                                                                },
                                                                "_id": "92e84d2"
                                                            },
                                                            {
                                                                "text": "FAQ",
                                                                "selected_icon": {
                                                                    "value": "",
                                                                    "library": ""
                                                                },
                                                                "_id": "8c029dc"
                                                            },
                                                            {
                                                                "text": "GitHub",
                                                                "selected_icon": {
                                                                    "value": "",
                                                                    "library": ""
                                                                },
                                                                "_id": "cbb447a"
                                                            },
                                                            {
                                                                "text": "Status",
                                                                "selected_icon": {
                                                                    "value": "",
                                                                    "library": ""
                                                                },
                                                                "_id": "6126f29"
                                                            }
                                                        ],
                                                        "space_between": {
                                                            "unit": "px",
                                                            "size": 20,
                                                            "sizes": []
                                                        },
                                                        "__globals__": {
                                                            "text_color": "globals\/colors?id=text",
                                                            "icon_typography_typography": "globals\/typography?id=17400c3"
                                                        },
                                                        "icon_align_mobile": "center"
                                                    },
                                                    "elements": [],
                                                    "isInner": false,
                                                    "widgetType": "icon-list",
                                                    "elType": "widget"
                                                }
                                            ],
                                            "isInner": true,
                                            "elType": "container"
                                        }
                                    ],
                                    "isInner": true,
                                    "elType": "container"
                                }
                            ],
                            "isInner": true,
                            "elType": "container"
                        },
                        {
                            "id": "2a694b12",
                            "settings": {
                                "content_width": "full",
                                "margin": {
                                    "unit": "px",
                                    "top": "0",
                                    "right": "0",
                                    "bottom": "0",
                                    "left": "0",
                                    "isLinked": true
                                },
                                "padding": {
                                    "unit": "px",
                                    "top": "0",
                                    "right": "0",
                                    "bottom": "0",
                                    "left": "0",
                                    "isLinked": true
                                },
                                "_title": "Copyright"
                            },
                            "elements": [
                                {
                                    "id": "31ce8c24",
                                    "settings": {
                                        "editor": "<p>All right reserved by Axistudio<\/p>",
                                        "align": "center",
                                        "__globals__": {
                                            "text_color": "globals\/colors?id=text"
                                        },
                                        "_margin": {
                                            "unit": "px",
                                            "top": "0",
                                            "right": "0",
                                            "bottom": "-12",
                                            "left": "0",
                                            "isLinked": false
                                        },
                                        "_padding": {
                                            "unit": "px",
                                            "top": "0",
                                            "right": "0",
                                            "bottom": "0",
                                            "left": "0",
                                            "isLinked": false
                                        }
                                    },
                                    "elements": [],
                                    "isInner": false,
                                    "widgetType": "text-editor",
                                    "elType": "widget"
                                }
                            ],
                            "isInner": true,
                            "elType": "container"
                        }
                    ],
                    "isInner": true,
                    "elType": "container"
                }
            ],
            "isInner": false,
            "elType": "container"
        }
    ],
    "page_settings": {
        "hide_title": "yes",
        "template": "elementor_canvas"
    }
}