{
    "version": "0.4",
    "title": "Global Kit Styles",
    "type": "section",
    "metadata": {
        "template_type": "global-styles",
        "include_in_zip": "1",
        "elementor_pro_required": null,
        "additional_template_information": [
            "These are the global theme styles configured through the Elementor Theme Styles area."
        ],
        "wp_page_template": "default"
    },
    "content": [],
    "page_settings": {
        "system_colors": [
            {
                "_id": "primary",
                "title": "Primary",
                "color": "#1A1A1A"
            },
            {
                "_id": "secondary",
                "title": "Secondary",
                "color": "#FF6016"
            },
            {
                "_id": "text",
                "title": "Text",
                "color": "#F0F0F0"
            },
            {
                "_id": "accent",
                "title": "Accent",
                "color": "#909090"
            }
        ],
        "custom_colors": [
            {
                "_id": "931d684",
                "title": "White",
                "color": "#FAFAFA"
            },
            {
                "_id": "2056270",
                "title": "Maximum Yellow",
                "color": "#FEC961"
            },
            {
                "_id": "36be25d",
                "title": "White 75",
                "color": "#FAFAFA99"
            },
            {
                "_id": "f302331",
                "title": "text\/0",
                "color": "#F0F0F000"
            },
            {
                "_id": "db6162e",
                "title": "Accent\/Op 30",
                "color": "#90909052"
            },
            {
                "_id": "e34e93e",
                "title": "Black",
                "color": "#000000"
            }
        ],
        "system_typography": [
            {
                "_id": "primary",
                "title": "H1",
                "typography_typography": "custom",
                "typography_font_family": "Inter",
                "typography_font_weight": "500",
                "typography_font_size": {
                    "unit": "em",
                    "size": 4.5,
                    "sizes": []
                },
                "typography_line_height": {
                    "unit": "em",
                    "size": 1.2,
                    "sizes": []
                },
                "typography_font_size_tablet": {
                    "unit": "em",
                    "size": 4,
                    "sizes": []
                },
                "typography_font_size_mobile": {
                    "unit": "em",
                    "size": 2.8,
                    "sizes": []
                }
            },
            {
                "_id": "secondary",
                "title": "H2",
                "typography_typography": "custom",
                "typography_font_family": "Inter",
                "typography_font_weight": "400",
                "typography_font_size": {
                    "unit": "em",
                    "size": 3.5,
                    "sizes": []
                },
                "typography_line_height": {
                    "unit": "em",
                    "size": 1.1,
                    "sizes": []
                },
                "typography_font_size_tablet": {
                    "unit": "em",
                    "size": 2.7,
                    "sizes": []
                },
                "typography_font_size_mobile": {
                    "unit": "em",
                    "size": 2,
                    "sizes": []
                }
            },
            {
                "_id": "text",
                "title": "Text",
                "typography_typography": "custom",
                "typography_font_family": "Inter",
                "typography_font_weight": "400",
                "typography_font_size": {
                    "unit": "em",
                    "size": 1,
                    "sizes": []
                },
                "typography_line_height": {
                    "unit": "em",
                    "size": 2,
                    "sizes": []
                },
                "typography_font_size_tablet": {
                    "unit": "em",
                    "size": 1,
                    "sizes": []
                },
                "typography_font_size_mobile": {
                    "unit": "em",
                    "size": 1,
                    "sizes": []
                }
            },
            {
                "_id": "accent",
                "title": "H3",
                "typography_typography": "custom",
                "typography_font_family": "Inter",
                "typography_font_weight": "400",
                "typography_font_size": {
                    "unit": "em",
                    "size": 3,
                    "sizes": []
                },
                "typography_line_height": {
                    "unit": "em",
                    "size": 1.2,
                    "sizes": []
                },
                "typography_font_size_tablet": {
                    "unit": "em",
                    "size": 2.1,
                    "sizes": []
                },
                "typography_font_size_mobile": {
                    "unit": "em",
                    "size": 1.7,
                    "sizes": []
                }
            }
        ],
        "custom_typography": [
            {
                "_id": "4441438",
                "title": "H4",
                "typography_typography": "custom",
                "typography_font_family": "Inter",
                "typography_font_size": {
                    "unit": "em",
                    "size": 2,
                    "sizes": []
                },
                "typography_font_weight": "400",
                "typography_line_height": {
                    "unit": "em",
                    "size": 1.2,
                    "sizes": []
                },
                "typography_font_size_tablet": {
                    "unit": "em",
                    "size": 1.9,
                    "sizes": []
                },
                "typography_font_size_mobile": {
                    "unit": "em",
                    "size": 1.6,
                    "sizes": []
                }
            },
            {
                "_id": "0f7eb76",
                "title": "H5",
                "typography_typography": "custom",
                "typography_font_family": "Inter",
                "typography_font_size": {
                    "unit": "em",
                    "size": 1.5,
                    "sizes": []
                },
                "typography_font_weight": "400",
                "typography_line_height": {
                    "unit": "em",
                    "size": "",
                    "sizes": []
                },
                "typography_font_size_tablet": {
                    "unit": "em",
                    "size": 1.4,
                    "sizes": []
                },
                "typography_font_size_mobile": {
                    "unit": "em",
                    "size": 1.2,
                    "sizes": []
                }
            },
            {
                "_id": "2673c48",
                "title": "H6",
                "typography_typography": "custom",
                "typography_font_family": "Inter",
                "typography_font_size": {
                    "unit": "em",
                    "size": 1.25,
                    "sizes": []
                },
                "typography_font_weight": "400",
                "typography_line_height": {
                    "unit": "em",
                    "size": 1.2,
                    "sizes": []
                },
                "typography_font_size_tablet": {
                    "unit": "em",
                    "size": 1.1,
                    "sizes": []
                },
                "typography_font_size_mobile": {
                    "unit": "em",
                    "size": 1,
                    "sizes": []
                }
            },
            {
                "_id": "020e124",
                "title": "Text 2",
                "typography_typography": "custom",
                "typography_font_family": "Inter",
                "typography_font_size": {
                    "unit": "em",
                    "size": 1,
                    "sizes": []
                },
                "typography_font_weight": "400",
                "typography_line_height": {
                    "unit": "em",
                    "size": 1.2,
                    "sizes": []
                },
                "typography_font_size_tablet": {
                    "unit": "em",
                    "size": 1,
                    "sizes": []
                },
                "typography_font_size_mobile": {
                    "unit": "em",
                    "size": 1,
                    "sizes": []
                }
            },
            {
                "_id": "78cadc4",
                "title": "Text Bold",
                "typography_typography": "custom",
                "typography_font_family": "Inter",
                "typography_font_size": {
                    "unit": "em",
                    "size": 0.875,
                    "sizes": []
                },
                "typography_font_weight": "600",
                "typography_line_height": {
                    "unit": "em",
                    "size": 1.2,
                    "sizes": []
                },
                "typography_font_size_tablet": {
                    "unit": "em",
                    "size": 0.875,
                    "sizes": []
                },
                "typography_font_size_mobile": {
                    "unit": "em",
                    "size": 0.875,
                    "sizes": []
                }
            },
            {
                "_id": "cba7bd8",
                "title": "Button",
                "typography_typography": "custom",
                "typography_font_family": "Inter",
                "typography_font_size": {
                    "unit": "em",
                    "size": 1.125,
                    "sizes": []
                },
                "typography_font_weight": "500",
                "typography_line_height": {
                    "unit": "em",
                    "size": 1.2,
                    "sizes": []
                },
                "typography_font_size_tablet": {
                    "unit": "em",
                    "size": 0.9,
                    "sizes": []
                },
                "typography_font_size_mobile": {
                    "unit": "em",
                    "size": 0.9,
                    "sizes": []
                }
            },
            {
                "typography_typography": "custom",
                "typography_font_family": "Archivo",
                "typography_font_size": {
                    "unit": "em",
                    "size": 1.25,
                    "sizes": []
                },
                "typography_font_weight": "400",
                "typography_line_height": {
                    "unit": "em",
                    "size": 1.2,
                    "sizes": []
                },
                "_id": "17400c3",
                "title": "H6\/Archivo",
                "typography_font_size_tablet": {
                    "unit": "em",
                    "size": 1.1,
                    "sizes": []
                },
                "typography_font_size_mobile": {
                    "unit": "em",
                    "size": 1,
                    "sizes": []
                }
            },
            {
                "typography_typography": "custom",
                "typography_font_family": "Archivo",
                "typography_font_size": {
                    "unit": "em",
                    "size": 2.625,
                    "sizes": []
                },
                "typography_font_size_tablet": {
                    "unit": "em",
                    "size": 2.2,
                    "sizes": []
                },
                "typography_font_size_mobile": {
                    "unit": "em",
                    "size": 2,
                    "sizes": []
                },
                "typography_font_weight": "600",
                "typography_line_height": {
                    "unit": "em",
                    "size": 1.2,
                    "sizes": []
                },
                "_id": "bea3d3e",
                "title": "Sub Title"
            },
            {
                "typography_typography": "custom",
                "typography_font_family": "Inter",
                "typography_font_size": {
                    "unit": "em",
                    "size": 4.5,
                    "sizes": []
                },
                "typography_font_weight": "600",
                "typography_line_height": {
                    "unit": "em",
                    "size": 1.2,
                    "sizes": []
                },
                "_id": "5b17851",
                "title": "Title",
                "typography_font_size_tablet": {
                    "unit": "em",
                    "size": 4,
                    "sizes": []
                },
                "typography_font_size_mobile": {
                    "unit": "em",
                    "size": 3.5,
                    "sizes": []
                }
            },
            {
                "typography_typography": "custom",
                "typography_font_family": "Inter",
                "typography_font_size": {
                    "unit": "em",
                    "size": 0.875,
                    "sizes": []
                },
                "typography_font_weight": "400",
                "typography_line_height": {
                    "unit": "em",
                    "size": 1.2,
                    "sizes": []
                },
                "_id": "e2e3185",
                "title": "Text\/Small",
                "typography_font_size_tablet": {
                    "unit": "em",
                    "size": 0.875,
                    "sizes": []
                },
                "typography_font_size_mobile": {
                    "unit": "em",
                    "size": 0.875,
                    "sizes": []
                }
            },
            {
                "typography_typography": "custom",
                "typography_font_family": "Inter",
                "typography_font_size": {
                    "unit": "em",
                    "size": 3.7,
                    "sizes": []
                },
                "typography_font_weight": "500",
                "typography_line_height": {
                    "unit": "em",
                    "size": 1.1,
                    "sizes": []
                },
                "_id": "ddd3db2",
                "title": "H2\/Small",
                "typography_font_size_tablet": {
                    "unit": "em",
                    "size": 2.9,
                    "sizes": []
                },
                "typography_font_size_mobile": {
                    "unit": "em",
                    "size": 2.1,
                    "sizes": []
                }
            },
            {
                "typography_typography": "custom",
                "typography_font_family": "Inter",
                "typography_font_size": {
                    "unit": "em",
                    "size": 0.625,
                    "sizes": []
                },
                "typography_font_weight": "400",
                "typography_line_height": {
                    "unit": "em",
                    "size": 1.2,
                    "sizes": []
                },
                "_id": "24d9eae",
                "title": "Text\/Xtra Small",
                "typography_font_size_tablet": {
                    "unit": "em",
                    "size": 0.625,
                    "sizes": []
                },
                "typography_font_size_mobile": {
                    "unit": "em",
                    "size": 0.625,
                    "sizes": []
                }
            },
            {
                "typography_typography": "custom",
                "typography_font_family": "Inter",
                "typography_font_size": {
                    "unit": "em",
                    "size": 0.875,
                    "sizes": []
                },
                "typography_font_weight": "400",
                "typography_line_height": {
                    "unit": "em",
                    "size": 1.2,
                    "sizes": []
                },
                "_id": "1bb472e",
                "title": "Meta",
                "typography_font_size_tablet": {
                    "unit": "em",
                    "size": 0.875,
                    "sizes": []
                },
                "typography_font_size_mobile": {
                    "unit": "em",
                    "size": 0.875,
                    "sizes": []
                }
            },
            {
                "typography_typography": "custom",
                "typography_font_family": "Inter",
                "typography_font_size": {
                    "unit": "em",
                    "size": 1.1,
                    "sizes": []
                },
                "typography_font_weight": "500",
                "typography_line_height": {
                    "unit": "em",
                    "size": 1.2,
                    "sizes": []
                },
                "_id": "5140fe4",
                "title": "404 Desc",
                "typography_font_size_tablet": {
                    "unit": "em",
                    "size": 0.9,
                    "sizes": []
                },
                "typography_font_size_mobile": {
                    "unit": "em",
                    "size": 0.9,
                    "sizes": []
                }
            },
            {
                "typography_typography": "custom",
                "typography_font_family": "Inter",
                "typography_font_size": {
                    "unit": "em",
                    "size": 5.5,
                    "sizes": []
                },
                "typography_font_weight": "600",
                "typography_line_height": {
                    "unit": "em",
                    "size": 1.2,
                    "sizes": []
                },
                "_id": "6d03760",
                "title": "404",
                "typography_font_size_tablet": {
                    "unit": "em",
                    "size": 3.2,
                    "sizes": []
                },
                "typography_font_size_mobile": {
                    "unit": "em",
                    "size": 3.3,
                    "sizes": []
                }
            }
        ],
        "default_generic_fonts": "Sans-serif",
        "page_title_selector": "h1.entry-title",
        "hello_footer_copyright_text": "All rights reserved",
        "activeItemIndex": 1,
        "viewport_md": 768,
        "viewport_lg": 1025,
        "__globals__": {
            "body_color": "globals\/colors?id=primary",
            "body_typography_typography": "globals\/typography?id=text",
            "link_normal_color": "globals\/colors?id=primary",
            "link_normal_typography_typography": "globals\/typography?id=text",
            "link_hover_color": "",
            "link_hover_typography_typography": "",
            "h1_color": "globals\/colors?id=primary",
            "h1_typography_typography": "globals\/typography?id=primary",
            "h2_color": "globals\/colors?id=primary",
            "h2_typography_typography": "globals\/typography?id=secondary",
            "h4_color": "globals\/colors?id=primary",
            "h4_typography_typography": "globals\/typography?id=4441438",
            "h3_color": "globals\/colors?id=primary",
            "h3_typography_typography": "globals\/typography?id=accent",
            "h5_color": "globals\/colors?id=primary",
            "h5_typography_typography": "globals\/typography?id=0f7eb76",
            "h6_color": "globals\/colors?id=primary",
            "h6_typography_typography": "globals\/typography?id=2673c48",
            "button_typography_typography": "globals\/typography?id=cba7bd8",
            "button_text_color": "globals\/colors?id=text",
            "button_background_color": "globals\/colors?id=secondary",
            "button_hover_text_color": "globals\/colors?id=text",
            "button_hover_background_color": "globals\/colors?id=primary",
            "button_hover_border_color": "",
            "button_border_color": ""
        },
        "button_border_radius": {
            "unit": "px",
            "top": "20",
            "right": "20",
            "bottom": "20",
            "left": "20",
            "isLinked": true
        },
        "button_padding": {
            "unit": "px",
            "top": "20",
            "right": "35",
            "bottom": "20",
            "left": "35",
            "isLinked": false
        },
        "body_color": "#1A1A1A",
        "body_typography_typography": "custom",
        "body_typography_font_family": "Inter",
        "body_typography_font_size": {
            "unit": "em",
            "size": 1,
            "sizes": []
        },
        "body_typography_font_weight": "500",
        "body_typography_line_height": {
            "unit": "em",
            "size": 2,
            "sizes": []
        },
        "link_normal_color": "#1A1A1A",
        "link_normal_typography_typography": "custom",
        "link_normal_typography_font_family": "Inter",
        "link_normal_typography_font_size": {
            "unit": "em",
            "size": 1,
            "sizes": []
        },
        "link_normal_typography_font_weight": "500",
        "link_normal_typography_line_height": {
            "unit": "em",
            "size": 2,
            "sizes": []
        },
        "link_hover_typography_font_family": "Inter",
        "link_hover_typography_font_size": {
            "unit": "em",
            "size": 1,
            "sizes": []
        },
        "link_hover_typography_font_weight": "500",
        "link_hover_typography_line_height": {
            "unit": "em",
            "size": 2,
            "sizes": []
        },
        "h1_color": "#1A1A1A",
        "h1_typography_typography": "custom",
        "h1_typography_font_family": "Inter",
        "h1_typography_font_size": {
            "unit": "em",
            "size": 4.5,
            "sizes": []
        },
        "h1_typography_font_weight": "600",
        "h1_typography_line_height": {
            "unit": "em",
            "size": 1.2,
            "sizes": []
        },
        "h2_color": "#1A1A1A",
        "h2_typography_typography": "custom",
        "h2_typography_font_family": "Inter",
        "h2_typography_font_size": {
            "unit": "em",
            "size": 4,
            "sizes": []
        },
        "h2_typography_font_weight": "500",
        "h2_typography_line_height": {
            "unit": "em",
            "size": 1.2,
            "sizes": []
        },
        "h3_color": "#1A1A1A",
        "h3_typography_typography": "custom",
        "h3_typography_font_family": "Inter",
        "h3_typography_font_size": {
            "unit": "em",
            "size": 3,
            "sizes": []
        },
        "h3_typography_font_weight": "600",
        "h3_typography_line_height": {
            "unit": "em",
            "size": 1.2,
            "sizes": []
        },
        "h4_color": "#1A1A1A",
        "h4_typography_typography": "custom",
        "h4_typography_font_family": "Inter",
        "h4_typography_font_size": {
            "unit": "em",
            "size": 2,
            "sizes": []
        },
        "h4_typography_font_weight": "500",
        "h4_typography_line_height": {
            "unit": "em",
            "size": 1.2,
            "sizes": []
        },
        "h5_color": "#1A1A1A",
        "h5_typography_typography": "custom",
        "h5_typography_font_family": "Inter",
        "h5_typography_font_size": {
            "unit": "em",
            "size": 1.5,
            "sizes": []
        },
        "h5_typography_font_weight": "700",
        "h5_typography_line_height": {
            "unit": "px",
            "size": 1.2,
            "sizes": []
        },
        "h6_color": "#1A1A1A",
        "h6_typography_typography": "custom",
        "h6_typography_font_family": "Inter",
        "h6_typography_font_size": {
            "unit": "em",
            "size": 1.25,
            "sizes": []
        },
        "h6_typography_font_weight": "500",
        "h6_typography_line_height": {
            "unit": "em",
            "size": 1.2,
            "sizes": []
        },
        "button_typography_typography": "custom",
        "button_typography_font_family": "Inter",
        "button_typography_font_size": {
            "unit": "em",
            "size": 1.125,
            "sizes": []
        },
        "button_typography_font_weight": "600",
        "button_typography_line_height": {
            "unit": "em",
            "size": 1.2,
            "sizes": []
        },
        "button_text_color": "#F0F0F0",
        "button_background_color": "#FF6016",
        "button_border_border": "none",
        "button_hover_text_color": "#F0F0F0",
        "button_hover_background_color": "#1A1A1A",
        "button_hover_border_border": "none",
        "button_hover_border_radius": {
            "unit": "px",
            "top": "20",
            "right": "20",
            "bottom": "20",
            "left": "20",
            "isLinked": true
        },
        "image_border_radius": {
            "unit": "px",
            "top": "20",
            "right": "20",
            "bottom": "20",
            "left": "20",
            "isLinked": true
        },
        "button_padding_tablet": {
            "unit": "px",
            "top": "15",
            "right": "15",
            "bottom": "15",
            "left": "15",
            "isLinked": true
        }
    }
}