{
    "version": "0.4",
    "title": "Header",
    "type": "section",
    "metadata": {
        "template_type": "section-header",
        "include_in_zip": "1",
        "elementor_pro_required": null,
        "wp_page_template": "elementor_canvas"
    },
    "content": [
        {
            "id": "503b1b6e",
            "settings": {
                "margin": {
                    "unit": "px",
                    "top": "0",
                    "right": "0",
                    "bottom": "0",
                    "left": "0",
                    "isLinked": true
                },
                "padding": {
                    "unit": "px",
                    "top": "30",
                    "right": "0",
                    "bottom": "30",
                    "left": "0",
                    "isLinked": false
                },
                "_title": "Header",
                "background_background": "classic",
                "__globals__": {
                    "background_color": "globals\/colors?id=text"
                },
                "padding_tablet": {
                    "unit": "px",
                    "top": "30",
                    "right": "30",
                    "bottom": "30",
                    "left": "30",
                    "isLinked": true
                },
                "padding_mobile": {
                    "unit": "px",
                    "top": "30",
                    "right": "20",
                    "bottom": "30",
                    "left": "20",
                    "isLinked": false
                },
                "z_index": 9
            },
            "elements": [
                {
                    "id": "426097a0",
                    "settings": {
                        "content_width": "full",
                        "flex_direction": "row",
                        "margin": {
                            "unit": "px",
                            "top": "0",
                            "right": "0",
                            "bottom": "0",
                            "left": "0",
                            "isLinked": true
                        },
                        "padding": {
                            "unit": "px",
                            "top": "0",
                            "right": "0",
                            "bottom": "0",
                            "left": "0",
                            "isLinked": true
                        },
                        "flex_justify_content": "space-between",
                        "flex_gap": {
                            "column": "30",
                            "row": "30",
                            "isLinked": true,
                            "unit": "px",
                            "size": 30
                        },
                        "flex_gap_mobile": {
                            "column": "0",
                            "row": "0",
                            "isLinked": true,
                            "unit": "px",
                            "size": 0
                        }
                    },
                    "elements": [
                        {
                            "id": "336a552d",
                            "settings": {
                                "image": {
                                    "url": "http:\/\/thanksfortoday.studio\/axistudio\/wp-content\/uploads\/sites\/39\/2024\/04\/axistudio-logo.png",
                                    "id": 28,
                                    "size": "",
                                    "alt": "",
                                    "source": "library"
                                },
                                "_margin": {
                                    "unit": "px",
                                    "top": "0",
                                    "right": "0",
                                    "bottom": "0",
                                    "left": "0",
                                    "isLinked": true
                                },
                                "_padding": {
                                    "unit": "px",
                                    "top": "0",
                                    "right": "0",
                                    "bottom": "0",
                                    "left": "0",
                                    "isLinked": true
                                },
                                "_flex_align_self": "center",
                                "image_size": "full",
                                "align": "left",
                                "_element_width": "initial",
                                "_element_custom_width": {
                                    "unit": "%",
                                    "size": 20,
                                    "sizes": []
                                },
                                "_element_custom_width_tablet": {
                                    "unit": "%",
                                    "size": 40,
                                    "sizes": []
                                },
                                "_element_custom_width_mobile": {
                                    "unit": "%",
                                    "size": 50,
                                    "sizes": []
                                },
                                "__globals__": {
                                    "_background_color": ""
                                }
                            },
                            "elements": [],
                            "isInner": false,
                            "widgetType": "image",
                            "elType": "widget"
                        },
                        {
                            "id": "680d676a",
                            "settings": {
                                "sg_menu_choose": "header",
                                "st_menu_wrapper_padding_responsive": {
                                    "unit": "px",
                                    "top": "0",
                                    "right": "0",
                                    "bottom": "0",
                                    "left": "0",
                                    "isLinked": true
                                },
                                "st_menu_wrapper_padding_responsive_tablet": {
                                    "unit": "px",
                                    "top": "25",
                                    "right": "0",
                                    "bottom": "0",
                                    "left": "30",
                                    "isLinked": false
                                },
                                "st_menu_wrapper_margin_responsive": {
                                    "unit": "px",
                                    "top": "0",
                                    "right": "0",
                                    "bottom": "0",
                                    "left": "0",
                                    "isLinked": true
                                },
                                "st_menu_wrapper_margin_responsive_tablet": {
                                    "unit": "px",
                                    "top": "0",
                                    "right": "0",
                                    "bottom": "0",
                                    "left": "0",
                                    "isLinked": false
                                },
                                "st_menu_wrapper_margin_responsive_mobile": {
                                    "unit": "px",
                                    "top": "0",
                                    "right": "0",
                                    "bottom": "0",
                                    "left": "0",
                                    "isLinked": false
                                },
                                "st_menu_wrapper_border_radius_responsive": {
                                    "unit": "px",
                                    "top": "0",
                                    "right": "0",
                                    "bottom": "0",
                                    "left": "0",
                                    "isLinked": true
                                },
                                "st_menu_item_typography_content_typography_typography": "custom",
                                "st_menu_item_typography_content_typography_font_family": "Inter",
                                "st_menu_item_typography_content_typography_font_size": {
                                    "unit": "em",
                                    "size": 1,
                                    "sizes": []
                                },
                                "st_menu_item_typography_content_typography_font_size_tablet": {
                                    "unit": "em",
                                    "size": 1,
                                    "sizes": []
                                },
                                "st_menu_item_typography_content_typography_font_size_mobile": {
                                    "unit": "em",
                                    "size": 1,
                                    "sizes": []
                                },
                                "st_menu_item_typography_content_typography_font_weight": "400",
                                "st_menu_item_typography_content_typography_line_height": {
                                    "unit": "em",
                                    "size": 2,
                                    "sizes": []
                                },
                                "st_menu_item_icon_size_responsive": {
                                    "unit": "px",
                                    "size": 9,
                                    "sizes": []
                                },
                                "st_menu_item_margin_responsive": {
                                    "unit": "px",
                                    "top": "0",
                                    "right": "0",
                                    "bottom": "0",
                                    "left": "0",
                                    "isLinked": true
                                },
                                "st_menu_item_spacing_responsive": {
                                    "unit": "px",
                                    "top": "22",
                                    "right": "22",
                                    "bottom": "22",
                                    "left": "22",
                                    "isLinked": true
                                },
                                "st_menu_item_text_normal_border_radius_first_responsive_tablet": {
                                    "unit": "px",
                                    "top": "20",
                                    "right": "20",
                                    "bottom": "20",
                                    "left": "20",
                                    "isLinked": true
                                },
                                "st_menu_item_text_hover_color_responsive_tablet": "#F0F0F0",
                                "st_menu_item_text_hover_bg_background_background": "classic",
                                "st_menu_item_text_hover_border_radius_responsive_tablet": {
                                    "unit": "px",
                                    "top": "20",
                                    "right": "20",
                                    "bottom": "20",
                                    "left": "20",
                                    "isLinked": true
                                },
                                "st_menu_item_text_active_border_radius_responsive_tablet": {
                                    "unit": "px",
                                    "top": "20",
                                    "right": "20",
                                    "bottom": "20",
                                    "left": "20",
                                    "isLinked": true
                                },
                                "st_submenu_item_indicator_color_responsive": "#1A1A1A",
                                "st_submenu_item_indicator_margin_responsive": {
                                    "unit": "px",
                                    "top": "0",
                                    "right": "0",
                                    "bottom": "0",
                                    "left": "10",
                                    "isLinked": false
                                },
                                "st_submenu_item_indicator_padding_responsive": {
                                    "unit": "px",
                                    "top": "0",
                                    "right": "0",
                                    "bottom": "0",
                                    "left": "0",
                                    "isLinked": true
                                },
                                "st_submenu_item_indicator_border_radius_responsive": {
                                    "unit": "px",
                                    "top": "0",
                                    "right": "0",
                                    "bottom": "0",
                                    "left": "0",
                                    "isLinked": true
                                },
                                "st_submenu_item_indicator_border_border_border": "none",
                                "st_submenu_item_typography_content_typography_typography": "custom",
                                "st_submenu_item_typography_content_typography_font_family": "Inter",
                                "st_submenu_item_typography_content_typography_font_size": {
                                    "unit": "em",
                                    "size": 1,
                                    "sizes": []
                                },
                                "st_submenu_item_typography_content_typography_font_size_tablet": {
                                    "unit": "em",
                                    "size": 1,
                                    "sizes": []
                                },
                                "st_submenu_item_typography_content_typography_font_size_mobile": {
                                    "unit": "em",
                                    "size": 1,
                                    "sizes": []
                                },
                                "st_submenu_item_typography_content_typography_font_weight": "400",
                                "st_submenu_item_typography_content_typography_line_height": {
                                    "unit": "em",
                                    "size": 2,
                                    "sizes": []
                                },
                                "st_submenu_item_margin_responsive": {
                                    "unit": "px",
                                    "top": "0",
                                    "right": "0",
                                    "bottom": "0",
                                    "left": "0",
                                    "isLinked": true
                                },
                                "st_submenu_item_spacing_responsive": {
                                    "unit": "px",
                                    "top": "15",
                                    "right": "15",
                                    "bottom": "15",
                                    "left": "15",
                                    "isLinked": true
                                },
                                "st_submenu_item_text_normal_bg_background_background": "classic",
                                "st_submenu_item_text_normal_bg_background_color": "#FAFAFA",
                                "st_submenu_item_border_border_border": "none",
                                "st_submenu_item_border_border_width": {
                                    "unit": "px",
                                    "top": "0",
                                    "right": "0",
                                    "bottom": "1",
                                    "left": "0",
                                    "isLinked": false
                                },
                                "st_submenu_item_border_radius_responsive": {
                                    "unit": "px",
                                    "top": "20",
                                    "right": "20",
                                    "bottom": "20",
                                    "left": "20",
                                    "isLinked": true
                                },
                                "st_submenu_item_margin_first_responsive": {
                                    "unit": "px",
                                    "top": "0",
                                    "right": "0",
                                    "bottom": "0",
                                    "left": "0",
                                    "isLinked": true
                                },
                                "st_submenu_item_border_first_border_border": "none",
                                "st_submenu_item_border_first_border_width": {
                                    "unit": "px",
                                    "top": "0",
                                    "right": "0",
                                    "bottom": "1",
                                    "left": "0",
                                    "isLinked": false
                                },
                                "st_submenu_item_border_radius_first_responsive": {
                                    "unit": "px",
                                    "top": "20",
                                    "right": "20",
                                    "bottom": 0,
                                    "left": 0,
                                    "isLinked": true
                                },
                                "st_submenu_item_border_last_border_border": "none",
                                "st_submenu_item_border_last_border_width": {
                                    "unit": "px",
                                    "top": "0",
                                    "right": "0",
                                    "bottom": "1",
                                    "left": "0",
                                    "isLinked": false
                                },
                                "st_submenu_item_border_radius_last_responsive": {
                                    "unit": "px",
                                    "top": 0,
                                    "right": 0,
                                    "bottom": "20",
                                    "left": "20",
                                    "isLinked": true
                                },
                                "st_submenu_item_text_hover_color_responsive": "#F0F0F0",
                                "st_submenu_item_text_hover_bg_background_background": "classic",
                                "st_submenu_item_text_hover_bg_background_color": "#FF6016",
                                "st_submenu_item_hover_border_radius_responsive": {
                                    "unit": "px",
                                    "top": "20",
                                    "right": "20",
                                    "bottom": "20",
                                    "left": "20",
                                    "isLinked": true
                                },
                                "st_submenu_item_active_border_radius_responsive": {
                                    "unit": "px",
                                    "top": "20",
                                    "right": "20",
                                    "bottom": "20",
                                    "left": "20",
                                    "isLinked": true
                                },
                                "st_submenu_panel_margin_responsive": {
                                    "unit": "px",
                                    "top": "0",
                                    "right": "0",
                                    "bottom": "0",
                                    "left": "0",
                                    "isLinked": true
                                },
                                "st_submenu_panel_margin_responsive_tablet": {
                                    "unit": "px",
                                    "top": "0",
                                    "right": "0",
                                    "bottom": "0",
                                    "left": "0",
                                    "isLinked": true
                                },
                                "st_submenu_panel_margin_responsive_mobile": {
                                    "unit": "px",
                                    "top": "0",
                                    "right": "0",
                                    "bottom": "0",
                                    "left": "0",
                                    "isLinked": false
                                },
                                "st_submenu_panel_padding_responsive": {
                                    "unit": "px",
                                    "top": "0",
                                    "right": "0",
                                    "bottom": "0",
                                    "left": "0",
                                    "isLinked": true
                                },
                                "st_submenu_panel_padding_responsive_tablet": {
                                    "unit": "px",
                                    "top": "0",
                                    "right": "0",
                                    "bottom": "0",
                                    "left": "20",
                                    "isLinked": false
                                },
                                "st_submenu_panel_border_border_border": "none",
                                "st_submenu_panel_border_border_width": {
                                    "unit": "px",
                                    "top": "0",
                                    "right": "0",
                                    "bottom": "1",
                                    "left": "0",
                                    "isLinked": false
                                },
                                "st_submenu_panel_background_background_background": "classic",
                                "st_submenu_panel_background_background_color": "#FAFAFA",
                                "st_submenu_panel_border_radius_responsive": {
                                    "unit": "px",
                                    "top": "20",
                                    "right": "20",
                                    "bottom": "20",
                                    "left": "20",
                                    "isLinked": true
                                },
                                "st_submenu_panel_container_width_responsive": {
                                    "unit": "px",
                                    "size": 200,
                                    "sizes": []
                                },
                                "st_submenu_panel_box_shadow_box_shadow_box_shadow": {
                                    "horizontal": 1,
                                    "vertical": 1,
                                    "blur": 3,
                                    "spread": 1,
                                    "color": "rgba(0, 0, 0, 0.5019607843137255)"
                                },
                                "st_hamburger_menu_position_responsive_tablet": "right",
                                "st_hamburger_menu_icon_size_responsive_tablet": {
                                    "unit": "px",
                                    "size": 20,
                                    "sizes": []
                                },
                                "st_hamburger_menu_icon_background_background_background": "classic",
                                "st_hamburger_menu_icon_background_background_color": "#F0F0F000",
                                "st_hamburger_menu_icon_border_border_border": "none",
                                "st_hamburger_menu_icon_color_responsive_tablet": "#1A1A1A",
                                "st_hamburger_menu_icon_margin_responsive_tablet": {
                                    "unit": "px",
                                    "top": "0",
                                    "right": "0",
                                    "bottom": "0",
                                    "left": "0",
                                    "isLinked": true
                                },
                                "st_hamburger_menu_icon_padding_responsive_tablet": {
                                    "unit": "px",
                                    "top": "12",
                                    "right": "10",
                                    "bottom": "10",
                                    "left": "10",
                                    "isLinked": false
                                },
                                "st_hamburger_menu_close_background_background_background": "classic",
                                "st_hamburger_menu_close_background_background_color": "#F0F0F000",
                                "st_hamburger_menu_close_border_border_border": "none",
                                "st_hamburger_menu_close_color_responsive_tablet": "#000000",
                                "st_mobile_menu_object_fit_responsive_tablet": "none",
                                "_element_width_mobile": "initial",
                                "_element_custom_width_mobile": {
                                    "unit": "%",
                                    "size": 50,
                                    "sizes": []
                                },
                                "_flex_align_self_tablet": "center",
                                "__globals__": {
                                    "st_menu_item_typography_content_typography_typography": "globals\/typography?id=text",
                                    "st_submenu_item_indicator_color_responsive": "globals\/colors?id=primary",
                                    "st_submenu_item_typography_content_typography_typography": "globals\/typography?id=text",
                                    "st_submenu_item_text_normal_bg_background_color": "globals\/colors?id=text",
                                    "st_submenu_item_text_hover_bg_background_color": "globals\/colors?id=secondary",
                                    "st_submenu_item_text_hover_color_responsive": "globals\/colors?id=text",
                                    "st_submenu_panel_background_background_color": "globals\/colors?id=text",
                                    "st_hamburger_menu_icon_background_background_color": "globals\/colors?id=f302331",
                                    "st_hamburger_menu_close_background_background_color": "globals\/colors?id=f302331",
                                    "st_hamburger_menu_close_color_responsive_tablet": "globals\/colors?id=e34e93e",
                                    "st_hamburger_menu_icon_color_responsive_tablet": "globals\/colors?id=primary",
                                    "st_menu_item_text_hover_color_responsive_tablet": "globals\/colors?id=secondary",
                                    "st_menu_item_text_hover_bg_background_color": ""
                                }
                            },
                            "elements": [],
                            "isInner": false,
                            "widgetType": "jkit_nav_menu",
                            "elType": "widget"
                        },
                        {
                            "id": "1012d3e7",
                            "settings": {
                                "text": "GET IN TOUCH",
                                "align": "right",
                                "_margin": {
                                    "unit": "px",
                                    "top": "0",
                                    "right": "0",
                                    "bottom": "0",
                                    "left": "0",
                                    "isLinked": true
                                },
                                "_padding": {
                                    "unit": "px",
                                    "top": "0",
                                    "right": "0",
                                    "bottom": "0",
                                    "left": "0",
                                    "isLinked": true
                                },
                                "_element_width": "initial",
                                "_element_custom_width": {
                                    "unit": "%",
                                    "size": 20,
                                    "sizes": []
                                },
                                "_flex_align_self": "center",
                                "hide_tablet": "hidden-tablet",
                                "hide_mobile": "hidden-mobile"
                            },
                            "elements": [],
                            "isInner": false,
                            "widgetType": "button",
                            "elType": "widget"
                        }
                    ],
                    "isInner": true,
                    "elType": "container"
                }
            ],
            "isInner": false,
            "elType": "container"
        }
    ],
    "page_settings": {
        "hide_title": "yes",
        "template": "elementor_canvas"
    }
}