{
    "version": "0.4",
    "title": "Single Blog",
    "type": "page",
    "metadata": {
        "template_type": "single-page",
        "include_in_zip": "1",
        "elementor_pro_required": null,
        "wp_page_template": "elementor_header_footer"
    },
    "content": [
        {
            "id": "6f3d4aea",
            "settings": {
                "flex_direction": "row",
                "margin": {
                    "unit": "px",
                    "top": "-200",
                    "right": "0",
                    "bottom": "0",
                    "left": "0",
                    "isLinked": false
                },
                "padding": {
                    "unit": "px",
                    "top": "50",
                    "right": "0",
                    "bottom": "50",
                    "left": "0",
                    "isLinked": false
                },
                "_title": "Hero",
                "background_background": "classic",
                "__globals__": {
                    "background_color": "globals\/colors?id=text"
                },
                "margin_tablet": {
                    "unit": "px",
                    "top": "0",
                    "right": "0",
                    "bottom": "0",
                    "left": "0",
                    "isLinked": true
                },
                "padding_tablet": {
                    "unit": "px",
                    "top": "50",
                    "right": "30",
                    "bottom": "50",
                    "left": "30",
                    "isLinked": false
                },
                "padding_mobile": {
                    "unit": "px",
                    "top": "0",
                    "right": "20",
                    "bottom": "50",
                    "left": "20",
                    "isLinked": false
                },
                "margin_mobile": {
                    "unit": "px",
                    "top": "0",
                    "right": "0",
                    "bottom": "0",
                    "left": "0",
                    "isLinked": false
                }
            },
            "elements": [
                {
                    "id": "72d3b20e",
                    "settings": {
                        "content_width": "full",
                        "flex_gap": {
                            "column": "0",
                            "row": "0",
                            "isLinked": true,
                            "unit": "px",
                            "size": 0
                        },
                        "margin": {
                            "unit": "px",
                            "top": "0",
                            "right": "0",
                            "bottom": "0",
                            "left": "0",
                            "isLinked": true
                        },
                        "padding": {
                            "unit": "px",
                            "top": "0",
                            "right": "0",
                            "bottom": "0",
                            "left": "0",
                            "isLinked": true
                        },
                        "margin_mobile": {
                            "unit": "px",
                            "top": "-62",
                            "right": "0",
                            "bottom": "0",
                            "left": "0",
                            "isLinked": false
                        }
                    },
                    "elements": [
                        {
                            "id": "57840c03",
                            "settings": {
                                "sg_image_size_imagesize_size": "full",
                                "_margin": {
                                    "unit": "px",
                                    "top": "0",
                                    "right": "0",
                                    "bottom": "0",
                                    "left": "0",
                                    "isLinked": true
                                },
                                "_padding": {
                                    "unit": "px",
                                    "top": "0",
                                    "right": "0",
                                    "bottom": "0",
                                    "left": "0",
                                    "isLinked": true
                                },
                                "_mask_switch": "yes",
                                "_mask_shape": "custom",
                                "_mask_image": {
                                    "url": "http:\/\/thanksfortoday.studio\/axistudio\/wp-content\/uploads\/sites\/39\/2024\/04\/Rectangle-14.png",
                                    "id": 1110,
                                    "size": "",
                                    "alt": "",
                                    "source": "library"
                                },
                                "st_image_size_responsive_tablet": {
                                    "unit": "%",
                                    "size": "",
                                    "sizes": []
                                },
                                "st_image_size_responsive_mobile": {
                                    "unit": "em",
                                    "size": "",
                                    "sizes": []
                                },
                                "_mask_position_tablet": "top center",
                                "_mask_position_mobile": "center center"
                            },
                            "elements": [],
                            "isInner": false,
                            "widgetType": "jkit_post_featured_image",
                            "elType": "widget"
                        },
                        {
                            "id": "1ddc0d42",
                            "settings": {
                                "content_width": "full",
                                "flex_direction": "row",
                                "flex_justify_content": "flex-end",
                                "margin": {
                                    "unit": "px",
                                    "top": "-263",
                                    "right": "0",
                                    "bottom": "0",
                                    "left": "0",
                                    "isLinked": false
                                },
                                "padding": {
                                    "unit": "px",
                                    "top": "0",
                                    "right": "0",
                                    "bottom": "0",
                                    "left": "0",
                                    "isLinked": true
                                },
                                "flex_justify_content_mobile": "center",
                                "flex_gap_tablet": {
                                    "column": "3",
                                    "row": "3",
                                    "isLinked": true,
                                    "unit": "px",
                                    "size": 3
                                },
                                "margin_tablet": {
                                    "unit": "px",
                                    "top": "-310",
                                    "right": "0",
                                    "bottom": "0",
                                    "left": "0",
                                    "isLinked": false
                                },
                                "margin_mobile": {
                                    "unit": "px",
                                    "top": "-50",
                                    "right": "0",
                                    "bottom": "-40",
                                    "left": "0",
                                    "isLinked": false
                                }
                            },
                            "elements": [
                                {
                                    "id": "e8df560",
                                    "settings": {
                                        "text": "design",
                                        "align": "left",
                                        "_margin": {
                                            "unit": "px",
                                            "top": "0",
                                            "right": "0",
                                            "bottom": "0",
                                            "left": "0",
                                            "isLinked": true
                                        },
                                        "_padding": {
                                            "unit": "px",
                                            "top": "0",
                                            "right": "0",
                                            "bottom": "0",
                                            "left": "0",
                                            "isLinked": true
                                        },
                                        "_flex_align_self": "flex-start",
                                        "__globals__": {
                                            "hover_color": "globals\/colors?id=text",
                                            "button_background_hover_color": "globals\/colors?id=secondary",
                                            "button_text_color": "globals\/colors?id=secondary",
                                            "background_color": "globals\/colors?id=text",
                                            "button_hover_border_color": "globals\/colors?id=secondary",
                                            "border_color": "globals\/colors?id=secondary",
                                            "typography_typography": "globals\/typography?id=78cadc4"
                                        },
                                        "button_text_color": "#1A1A1A",
                                        "hover_color": "#FF6016",
                                        "button_hover_border_color": "#FF6016",
                                        "border_border": "solid",
                                        "border_width": {
                                            "unit": "px",
                                            "top": "2",
                                            "right": "2",
                                            "bottom": "2",
                                            "left": "2",
                                            "isLinked": true
                                        },
                                        "text_padding": {
                                            "unit": "px",
                                            "top": "10",
                                            "right": "20",
                                            "bottom": "10",
                                            "left": "20",
                                            "isLinked": false
                                        },
                                        "text_padding_tablet": {
                                            "unit": "px",
                                            "top": "7",
                                            "right": "8",
                                            "bottom": "7",
                                            "left": "8",
                                            "isLinked": false
                                        }
                                    },
                                    "elements": [],
                                    "isInner": false,
                                    "widgetType": "button",
                                    "elType": "widget"
                                },
                                {
                                    "id": "6e5f1382",
                                    "settings": {
                                        "text": "trends",
                                        "align": "left",
                                        "_margin": {
                                            "unit": "px",
                                            "top": "0",
                                            "right": "0",
                                            "bottom": "0",
                                            "left": "0",
                                            "isLinked": true
                                        },
                                        "_padding": {
                                            "unit": "px",
                                            "top": "0",
                                            "right": "0",
                                            "bottom": "0",
                                            "left": "0",
                                            "isLinked": true
                                        },
                                        "_flex_align_self": "flex-start",
                                        "__globals__": {
                                            "hover_color": "globals\/colors?id=text",
                                            "button_background_hover_color": "globals\/colors?id=secondary",
                                            "button_text_color": "globals\/colors?id=secondary",
                                            "background_color": "globals\/colors?id=text",
                                            "button_hover_border_color": "globals\/colors?id=secondary",
                                            "border_color": "globals\/colors?id=secondary",
                                            "typography_typography": "globals\/typography?id=78cadc4"
                                        },
                                        "button_text_color": "#1A1A1A",
                                        "hover_color": "#FF6016",
                                        "button_hover_border_color": "#FF6016",
                                        "border_border": "solid",
                                        "border_width": {
                                            "unit": "px",
                                            "top": "2",
                                            "right": "2",
                                            "bottom": "2",
                                            "left": "2",
                                            "isLinked": true
                                        },
                                        "text_padding": {
                                            "unit": "px",
                                            "top": "10",
                                            "right": "20",
                                            "bottom": "10",
                                            "left": "20",
                                            "isLinked": false
                                        },
                                        "text_padding_tablet": {
                                            "unit": "px",
                                            "top": "7",
                                            "right": "8",
                                            "bottom": "7",
                                            "left": "8",
                                            "isLinked": false
                                        }
                                    },
                                    "elements": [],
                                    "isInner": false,
                                    "widgetType": "button",
                                    "elType": "widget"
                                }
                            ],
                            "isInner": true,
                            "elType": "container"
                        }
                    ],
                    "isInner": true,
                    "elType": "container"
                }
            ],
            "isInner": false,
            "elType": "container"
        },
        {
            "id": "7ed06170",
            "settings": {
                "flex_direction": "row",
                "margin": {
                    "unit": "px",
                    "top": "0",
                    "right": "0",
                    "bottom": "0",
                    "left": "0",
                    "isLinked": true
                },
                "padding": {
                    "unit": "px",
                    "top": "0",
                    "right": "0",
                    "bottom": "50",
                    "left": "0",
                    "isLinked": false
                },
                "_title": "Article",
                "background_background": "classic",
                "__globals__": {
                    "background_color": "globals\/colors?id=text"
                },
                "padding_tablet": {
                    "unit": "px",
                    "top": "0",
                    "right": "30",
                    "bottom": "50",
                    "left": "30",
                    "isLinked": false
                },
                "padding_mobile": {
                    "unit": "px",
                    "top": "0",
                    "right": "20",
                    "bottom": "50",
                    "left": "20",
                    "isLinked": false
                }
            },
            "elements": [
                {
                    "id": "44adb57",
                    "settings": {
                        "content_width": "full",
                        "flex_direction": "row",
                        "flex_gap": {
                            "column": "50",
                            "row": "50",
                            "isLinked": true,
                            "unit": "px",
                            "size": 50
                        },
                        "margin": {
                            "unit": "px",
                            "top": "0",
                            "right": "0",
                            "bottom": "0",
                            "left": "0",
                            "isLinked": true
                        },
                        "padding": {
                            "unit": "px",
                            "top": "0",
                            "right": "0",
                            "bottom": "0",
                            "left": "0",
                            "isLinked": true
                        },
                        "flex_direction_tablet": "column-reverse",
                        "flex_gap_tablet": {
                            "column": "30",
                            "row": "30",
                            "isLinked": true,
                            "unit": "px",
                            "size": 30
                        }
                    },
                    "elements": [
                        {
                            "id": "7dbf03a0",
                            "settings": {
                                "content_width": "full",
                                "width": {
                                    "unit": "%",
                                    "size": 30,
                                    "sizes": []
                                },
                                "flex_gap": {
                                    "column": "20",
                                    "row": "20",
                                    "isLinked": true,
                                    "unit": "px",
                                    "size": 20
                                },
                                "margin": {
                                    "unit": "px",
                                    "top": "0",
                                    "right": "0",
                                    "bottom": "0",
                                    "left": "0",
                                    "isLinked": true
                                },
                                "padding": {
                                    "unit": "px",
                                    "top": "0",
                                    "right": "0",
                                    "bottom": "0",
                                    "left": "0",
                                    "isLinked": true
                                },
                                "width_tablet": {
                                    "unit": "%",
                                    "size": 100,
                                    "sizes": []
                                },
                                "width_mobile": {
                                    "unit": "%",
                                    "size": "",
                                    "sizes": []
                                }
                            },
                            "elements": [
                                {
                                    "id": "3df088c3",
                                    "settings": {
                                        "sg_author_type": "user_image",
                                        "st_author_size_responsive": {
                                            "unit": "px",
                                            "size": 75,
                                            "sizes": []
                                        },
                                        "st_author_border_border_border": "solid",
                                        "st_author_border_border_width": {
                                            "unit": "px",
                                            "top": "3",
                                            "right": "3",
                                            "bottom": "3",
                                            "left": "3",
                                            "isLinked": true
                                        },
                                        "st_author_border_radius_responsive": {
                                            "unit": "px",
                                            "top": "50",
                                            "right": "50",
                                            "bottom": "50",
                                            "left": "50",
                                            "isLinked": true
                                        },
                                        "__globals__": {
                                            "st_author_border_border_color": "globals\/colors?id=secondary"
                                        },
                                        "_margin": {
                                            "unit": "px",
                                            "top": "0",
                                            "right": "0",
                                            "bottom": "-20",
                                            "left": "0",
                                            "isLinked": false
                                        },
                                        "_padding": {
                                            "unit": "px",
                                            "top": "0",
                                            "right": "0",
                                            "bottom": "0",
                                            "left": "0",
                                            "isLinked": false
                                        },
                                        "_flex_align_self": "flex-start",
                                        "st_author_alignment_responsive_mobile": "center",
                                        "_flex_align_self_mobile": "center"
                                    },
                                    "elements": [],
                                    "isInner": false,
                                    "widgetType": "jkit_post_author",
                                    "elType": "widget"
                                },
                                {
                                    "id": "6bf39af3",
                                    "settings": {
                                        "title": "About the writer",
                                        "header_size": "div",
                                        "__globals__": {
                                            "typography_typography": "globals\/typography?id=2673c48"
                                        },
                                        "align_mobile": "center"
                                    },
                                    "elements": [],
                                    "isInner": false,
                                    "widgetType": "heading",
                                    "elType": "widget"
                                },
                                {
                                    "id": "7c307ee1",
                                    "settings": {
                                        "sg_author_type": "user_bio",
                                        "st_author_size_responsive": {
                                            "unit": "px",
                                            "size": 75,
                                            "sizes": []
                                        },
                                        "st_author_border_border_border": "solid",
                                        "st_author_border_border_width": {
                                            "unit": "px",
                                            "top": "3",
                                            "right": "3",
                                            "bottom": "3",
                                            "left": "3",
                                            "isLinked": true
                                        },
                                        "st_author_border_radius_responsive": {
                                            "unit": "px",
                                            "top": "50",
                                            "right": "50",
                                            "bottom": "50",
                                            "left": "50",
                                            "isLinked": true
                                        },
                                        "__globals__": {
                                            "st_author_border_border_color": "globals\/colors?id=secondary",
                                            "st_author_typography_content_typography_typography": "globals\/typography?id=text",
                                            "st_author_normal_color_responsive": "globals\/colors?id=accent"
                                        },
                                        "_margin": {
                                            "unit": "px",
                                            "top": "0",
                                            "right": "0",
                                            "bottom": "10",
                                            "left": "0",
                                            "isLinked": false
                                        },
                                        "st_author_alignment_responsive_mobile": "center",
                                        "_margin_tablet": {
                                            "unit": "px",
                                            "top": "0",
                                            "right": "0",
                                            "bottom": "-15",
                                            "left": "0",
                                            "isLinked": false
                                        }
                                    },
                                    "elements": [],
                                    "isInner": false,
                                    "widgetType": "jkit_post_author",
                                    "elType": "widget"
                                },
                                {
                                    "id": "67d2e171",
                                    "settings": {
                                        "ekit_socialmedia_add_icons": [
                                            {
                                                "ekit_socialmedia_icons": {
                                                    "value": "fab fa-whatsapp",
                                                    "library": "fa-brands"
                                                },
                                                "ekit_socialmedia_label": "WhatsApp",
                                                "_id": "3a1df55",
                                                "ekit_socialmedia_link": {
                                                    "url": "https:\/\/whatsapp.com",
                                                    "is_external": "",
                                                    "nofollow": "",
                                                    "custom_attributes": ""
                                                },
                                                "ekit_socialmedia_border_border": "solid",
                                                "ekit_socialmedia_border_width": {
                                                    "unit": "px",
                                                    "top": "2",
                                                    "right": "2",
                                                    "bottom": "2",
                                                    "left": "2",
                                                    "isLinked": true
                                                },
                                                "__globals__": {
                                                    "ekit_socialmedia_icon_color": "globals\/colors?id=primary",
                                                    "ekit_socialmedia_icon_bg_color": "",
                                                    "ekit_socialmedia_border_color": "globals\/colors?id=secondary",
                                                    "ekit_socialmedia_icon_hover_color": "globals\/colors?id=text",
                                                    "ekit_socialmedia_icon_hover_bg_color": "globals\/colors?id=primary"
                                                },
                                                "ekit_socialmedia_icon_color": "#F0F0F0",
                                                "ekit_socialmedia_border_color": "#FF6016"
                                            },
                                            {
                                                "ekit_socialmedia_icons": {
                                                    "value": "fab fa-instagram",
                                                    "library": "fa-brands"
                                                },
                                                "ekit_socialmedia_label": "Instagram",
                                                "_id": "f8f38e8",
                                                "ekit_socialmedia_link": {
                                                    "url": "https:\/\/instagram.com",
                                                    "is_external": "",
                                                    "nofollow": "",
                                                    "custom_attributes": ""
                                                },
                                                "ekit_socialmedia_border_border": "solid",
                                                "ekit_socialmedia_border_width": {
                                                    "unit": "px",
                                                    "top": "2",
                                                    "right": "2",
                                                    "bottom": "2",
                                                    "left": "2",
                                                    "isLinked": true
                                                },
                                                "__globals__": {
                                                    "ekit_socialmedia_icon_color": "globals\/colors?id=primary",
                                                    "ekit_socialmedia_icon_bg_color": "",
                                                    "ekit_socialmedia_border_color": "globals\/colors?id=accent",
                                                    "ekit_socialmedia_icon_hover_color": "globals\/colors?id=text",
                                                    "ekit_socialmedia_icon_hover_bg_color": "globals\/colors?id=primary"
                                                },
                                                "ekit_socialmedia_icon_color": "#1A1A1A",
                                                "ekit_socialmedia_border_color": "#909090"
                                            },
                                            {
                                                "ekit_socialmedia_icons": {
                                                    "value": "fab fa-behance",
                                                    "library": "fa-brands"
                                                },
                                                "ekit_socialmedia_label": "Behance",
                                                "_id": "cdd2c41",
                                                "ekit_socialmedia_link": {
                                                    "url": "https:\/\/behace.com",
                                                    "is_external": "",
                                                    "nofollow": "",
                                                    "custom_attributes": ""
                                                },
                                                "ekit_socialmedia_icon_color": "#F0F0F0",
                                                "ekit_socialmedia_border_border": "solid",
                                                "ekit_socialmedia_border_width": {
                                                    "unit": "px",
                                                    "top": "2",
                                                    "right": "2",
                                                    "bottom": "2",
                                                    "left": "2",
                                                    "isLinked": true
                                                },
                                                "__globals__": {
                                                    "ekit_socialmedia_icon_color": "globals\/colors?id=primary",
                                                    "ekit_socialmedia_icon_bg_color": "",
                                                    "ekit_socialmedia_border_color": "globals\/colors?id=2056270",
                                                    "ekit_socialmedia_icon_hover_color": "globals\/colors?id=text",
                                                    "ekit_socialmedia_icon_hover_bg_color": "globals\/colors?id=primary"
                                                },
                                                "ekit_socialmedia_border_color": "#FEC961"
                                            },
                                            {
                                                "ekit_socialmedia_icons": {
                                                    "value": "fab fa-dribbble",
                                                    "library": "fa-brands"
                                                },
                                                "ekit_socialmedia_label": "Dribbble",
                                                "ekit_socialmedia_link": {
                                                    "url": "https:\/\/dribbble.com",
                                                    "is_external": "",
                                                    "nofollow": "",
                                                    "custom_attributes": ""
                                                },
                                                "ekit_socialmedia_icon_color": "#F0F0F0",
                                                "ekit_socialmedia_border_border": "solid",
                                                "ekit_socialmedia_border_width": {
                                                    "unit": "px",
                                                    "top": "2",
                                                    "right": "2",
                                                    "bottom": "2",
                                                    "left": "2",
                                                    "isLinked": true
                                                },
                                                "__globals__": {
                                                    "ekit_socialmedia_icon_color": "globals\/colors?id=primary",
                                                    "ekit_socialmedia_icon_bg_color": "",
                                                    "ekit_socialmedia_border_color": "globals\/colors?id=primary",
                                                    "ekit_socialmedia_icon_hover_color": "globals\/colors?id=text",
                                                    "ekit_socialmedia_icon_hover_bg_color": "globals\/colors?id=primary"
                                                },
                                                "_id": "a030c20",
                                                "ekit_socialmedia_border_color": "#F0F0F0"
                                            }
                                        ],
                                        "ekit_socialmedai_list_icon_size": {
                                            "unit": "px",
                                            "size": 20,
                                            "sizes": []
                                        },
                                        "ekit_socialmedai_list_width": {
                                            "unit": "px",
                                            "size": 40,
                                            "sizes": []
                                        },
                                        "ekit_socialmedai_list_height": {
                                            "unit": "px",
                                            "size": 40,
                                            "sizes": []
                                        },
                                        "ekit_socialmedai_list_line_height": {
                                            "unit": "px",
                                            "size": 37,
                                            "sizes": []
                                        },
                                        "_margin": {
                                            "unit": "px",
                                            "top": "0",
                                            "right": "0",
                                            "bottom": "0",
                                            "left": "0",
                                            "isLinked": true
                                        },
                                        "_padding": {
                                            "unit": "px",
                                            "top": "0",
                                            "right": "0",
                                            "bottom": "0",
                                            "left": "0",
                                            "isLinked": true
                                        },
                                        "_flex_align_self": "flex-start",
                                        "_flex_align_self_mobile": "center"
                                    },
                                    "elements": [],
                                    "isInner": false,
                                    "widgetType": "elementskit-social-media",
                                    "elType": "widget"
                                }
                            ],
                            "isInner": true,
                            "elType": "container"
                        },
                        {
                            "id": "67c89016",
                            "settings": {
                                "content_width": "full",
                                "width": {
                                    "unit": "%",
                                    "size": 70,
                                    "sizes": []
                                },
                                "flex_gap": {
                                    "column": "0",
                                    "row": "0",
                                    "isLinked": true,
                                    "unit": "px",
                                    "size": 0
                                },
                                "margin": {
                                    "unit": "px",
                                    "top": "0",
                                    "right": "0",
                                    "bottom": "0",
                                    "left": "0",
                                    "isLinked": true
                                },
                                "padding": {
                                    "unit": "px",
                                    "top": "0",
                                    "right": "0",
                                    "bottom": "0",
                                    "left": "0",
                                    "isLinked": true
                                },
                                "width_tablet": {
                                    "unit": "%",
                                    "size": 100,
                                    "sizes": []
                                },
                                "width_mobile": {
                                    "unit": "%",
                                    "size": "",
                                    "sizes": []
                                }
                            },
                            "elements": [
                                {
                                    "id": "2519b200",
                                    "settings": {
                                        "st_title_alignment_responsive_tablet": "left",
                                        "st_title_alignment_responsive_mobile": "center"
                                    },
                                    "elements": [],
                                    "isInner": false,
                                    "widgetType": "jkit_post_title",
                                    "elType": "widget"
                                },
                                {
                                    "id": "45a932",
                                    "settings": {
                                        "sg_date_format_custom": "F j, Y",
                                        "__globals__": {
                                            "st_date_typography_content_typography_typography": "globals\/typography?id=78cadc4"
                                        },
                                        "st_date_alignment_responsive_tablet": "left",
                                        "st_date_alignment_responsive_mobile": "center"
                                    },
                                    "elements": [],
                                    "isInner": false,
                                    "widgetType": "jkit_post_date",
                                    "elType": "widget"
                                },
                                {
                                    "id": "244282ed",
                                    "settings": {
                                        "editor": "<p>In the world of design, studios serve as sanctuaries for creativity to flourish. Whether it's an artist's haven, a photographer's workshop, or a musician's retreat, the design of these spaces profoundly impacts the work produced within them. From layout to lighting, every element plays a crucial role in shaping the atmosphere and functionality of a studio. In this article, we explore the essential elements that contribute to crafting exceptional studio design.<\/p>\n<p>Purposeful Layout:<br \/>The layout of a studio should be tailored to its specific function and the workflow of its occupants. Considerations such as traffic flow, equipment placement, and zoning for different activities are paramount. An efficient layout not only enhances productivity but also fosters a conducive environment for collaboration and inspiration.<br \/>Ample Natural Light:<br \/>Natural light has a transformative effect on any space, and studios are no exception. Large windows, skylights, or strategically placed openings can flood the studio with sunlight, creating a vibrant and uplifting ambiance. Not only does natural light reduce the reliance on artificial lighting, but it also offers visual comfort and enhances the connection between the indoor and outdoor environments.<br \/>Versatile Lighting Solutions:<br \/>While natural light is desirable, studios often require supplemental lighting, especially during evening hours or in spaces with limited access to daylight. A combination of ambient, task, and accent lighting allows for flexibility in creating various moods and meeting specific lighting needs. Dimmable fixtures, adjustable lamps, and customizable lighting controls empower users to tailor the lighting scheme according to their preferences and activities.<br \/>Functional Furnishings:<br \/>Furniture selection is critical in optimizing the functionality and comfort of a studio. Ergonomic chairs, sturdy worktables, and ample storage solutions contribute to an organized and efficient workspace. Additionally, versatile furnishings that can adapt to different configurations or purposes enhance the adaptability of the studio, accommodating diverse projects and creative processes.<br \/>Acoustic Considerations:<br \/>For studios dedicated to audio recording, filmmaking, or other sound-sensitive activities, acoustic quality is paramount. Proper acoustic treatment, including soundproofing, diffusion, and absorption, minimizes unwanted noise pollution and ensures optimal sound reproduction within the space. Attention to acoustic design not only enhances the sonic experience but also supports concentration and creative focus.<br \/>Inspirational D\u00e9cor:<br \/>The aesthetic of a studio can significantly influence the mood and mindset of its occupants. Thoughtfully curated d\u00e9cor elements, such as artwork, motivational quotes, or personal memorabilia, imbue the space with character and inspiration. Creating a visually stimulating environment stimulates creativity and fosters a sense of ownership and pride in the studio.<\/p>",
                                        "_margin": {
                                            "unit": "px",
                                            "top": "25",
                                            "right": "0",
                                            "bottom": "-16",
                                            "left": "0",
                                            "isLinked": false
                                        },
                                        "__globals__": {
                                            "typography_typography": "globals\/typography?id=text"
                                        },
                                        "align_mobile": "center"
                                    },
                                    "elements": [],
                                    "isInner": false,
                                    "widgetType": "text-editor",
                                    "elType": "widget"
                                }
                            ],
                            "isInner": true,
                            "elType": "container"
                        }
                    ],
                    "isInner": true,
                    "elType": "container"
                }
            ],
            "isInner": false,
            "elType": "container"
        },
        {
            "id": "6cda612e",
            "settings": {
                "flex_direction": "row",
                "background_background": "classic",
                "margin": {
                    "unit": "px",
                    "top": "0",
                    "right": "0",
                    "bottom": "0",
                    "left": "0",
                    "isLinked": true
                },
                "padding": {
                    "unit": "px",
                    "top": "50",
                    "right": "0",
                    "bottom": "50",
                    "left": "0",
                    "isLinked": false
                },
                "__globals__": {
                    "background_color": "globals\/colors?id=text"
                },
                "_title": "Related Blog",
                "padding_tablet": {
                    "unit": "px",
                    "top": "50",
                    "right": "30",
                    "bottom": "50",
                    "left": "30",
                    "isLinked": false
                },
                "padding_mobile": {
                    "unit": "px",
                    "top": "50",
                    "right": "20",
                    "bottom": "50",
                    "left": "20",
                    "isLinked": false
                }
            },
            "elements": [
                {
                    "id": "6ff4c5c5",
                    "settings": {
                        "content_width": "full",
                        "margin": {
                            "unit": "px",
                            "top": "0",
                            "right": "0",
                            "bottom": "0",
                            "left": "0",
                            "isLinked": true
                        },
                        "padding": {
                            "unit": "px",
                            "top": "0",
                            "right": "0",
                            "bottom": "0",
                            "left": "0",
                            "isLinked": true
                        },
                        "flex_gap": {
                            "column": "50",
                            "row": "50",
                            "isLinked": true,
                            "unit": "px",
                            "size": 50
                        },
                        "flex_gap_tablet": {
                            "column": "30",
                            "row": "30",
                            "isLinked": true,
                            "unit": "px",
                            "size": 30
                        }
                    },
                    "elements": [
                        {
                            "id": "45389ece",
                            "settings": {
                                "content_width": "full",
                                "flex_direction": "row",
                                "flex_gap": {
                                    "column": "30",
                                    "row": "30",
                                    "isLinked": true,
                                    "unit": "px",
                                    "size": 30
                                },
                                "margin": {
                                    "unit": "px",
                                    "top": "0",
                                    "right": "0",
                                    "bottom": "0",
                                    "left": "0",
                                    "isLinked": true
                                },
                                "padding": {
                                    "unit": "px",
                                    "top": "0",
                                    "right": "0",
                                    "bottom": "0",
                                    "left": "0",
                                    "isLinked": true
                                },
                                "_title": "Title"
                            },
                            "elements": [
                                {
                                    "id": "b68c1b2",
                                    "settings": {
                                        "title": "Related Post",
                                        "_element_width": "initial",
                                        "_element_custom_width": {
                                            "unit": "%",
                                            "size": 50,
                                            "sizes": []
                                        },
                                        "align_mobile": "center",
                                        "_element_custom_width_mobile": {
                                            "unit": "%",
                                            "size": 100,
                                            "sizes": []
                                        }
                                    },
                                    "elements": [],
                                    "isInner": false,
                                    "widgetType": "heading",
                                    "elType": "widget"
                                }
                            ],
                            "isInner": true,
                            "elType": "container"
                        },
                        {
                            "id": "18b14975",
                            "settings": {
                                "content_width": "full",
                                "margin": {
                                    "unit": "px",
                                    "top": "0",
                                    "right": "0",
                                    "bottom": "0",
                                    "left": "0",
                                    "isLinked": true
                                },
                                "padding": {
                                    "unit": "px",
                                    "top": "0",
                                    "right": "0",
                                    "bottom": "0",
                                    "left": "0",
                                    "isLinked": true
                                },
                                "_title": "Content"
                            },
                            "elements": [
                                {
                                    "id": "6825900d",
                                    "settings": {
                                        "ekit_blog_posts_layout_style": "elementskit-post-image-card",
                                        "ekit_blog_posts_column": "ekit-lg-6 ekit-md-6",
                                        "ekit_blog_posts_title_trim": 5,
                                        "ekit_blog_posts_content": "",
                                        "ekit_blog_posts_num": 2,
                                        "ekit_blog_posts_cats": [
                                            "4",
                                            "3"
                                        ],
                                        "ekit_blog_posts_btn_text": "Learn more ",
                                        "ekit_blog_posts_manual_selection": [
                                            "1038",
                                            "960",
                                            "956",
                                            "954",
                                            "952",
                                            "950"
                                        ],
                                        "ekit_blog_posts_read_more": "",
                                        "ekit_blog_posts_meta_select": [
                                            "date"
                                        ],
                                        "ekit_blog_posts_meta_author_icons": {
                                            "value": "",
                                            "library": ""
                                        },
                                        "ekit_blog_posts_meta_date_icons": {
                                            "value": "",
                                            "library": ""
                                        },
                                        "ekit_blog_posts_background_background": "classic",
                                        "ekit_blog_posts_shadow_box_shadow_type": "yes",
                                        "ekit_blog_posts_shadow_box_shadow": {
                                            "horizontal": 0,
                                            "vertical": 0,
                                            "blur": 0,
                                            "spread": 0,
                                            "color": "rgba(0,0,0,0.5)"
                                        },
                                        "ekit_blog_posts_padding": {
                                            "unit": "px",
                                            "top": "0",
                                            "right": "0",
                                            "bottom": "0",
                                            "left": "0",
                                            "isLinked": true
                                        },
                                        "ekit_blog_posts_margin": {
                                            "unit": "px",
                                            "top": "0",
                                            "right": "0",
                                            "bottom": "30",
                                            "left": "0",
                                            "isLinked": false
                                        },
                                        "ekit_blog_posts_text_content_wraper_padding": {
                                            "unit": "px",
                                            "top": "0",
                                            "right": "0",
                                            "bottom": "0",
                                            "left": "30",
                                            "isLinked": false
                                        },
                                        "ekit_blog_posts_feature_img_margin": {
                                            "unit": "px",
                                            "top": "0",
                                            "right": "0",
                                            "bottom": "-20",
                                            "left": "0",
                                            "isLinked": false
                                        },
                                        "ekit_blog_posts_meta_item_margin": {
                                            "unit": "px",
                                            "top": "0",
                                            "right": "0",
                                            "bottom": "0",
                                            "left": "0",
                                            "isLinked": false
                                        },
                                        "ekit_blog_posts_title_margin": {
                                            "unit": "px",
                                            "top": "-15",
                                            "right": "0",
                                            "bottom": "0",
                                            "left": "0",
                                            "isLinked": false
                                        },
                                        "_mask_shape": "custom",
                                        "_mask_image": {
                                            "url": "http:\/\/thanksfortoday.studio\/axistudio\/wp-content\/uploads\/sites\/39\/2024\/04\/Rectangle-12.png",
                                            "id": 932,
                                            "size": "",
                                            "alt": "",
                                            "source": "library"
                                        },
                                        "__globals__": {
                                            "ekit_blog_posts_background_color": "globals\/colors?id=text",
                                            "ekit_blog_posts_meta_typography_typography": "globals\/typography?id=1bb472e",
                                            "ekit_blog_posts_meta_color_normal": "globals\/colors?id=accent",
                                            "ekit_blog_posts_title_typography_typography": "globals\/typography?id=2673c48",
                                            "ekit_blog_posts_title_color": "globals\/colors?id=primary"
                                        },
                                        "ekit_blog_posts_sort": "ASC",
                                        "ekit_blog_posts_text_content_wraper_padding_mobile": {
                                            "unit": "px",
                                            "top": "0",
                                            "right": "0",
                                            "bottom": "0",
                                            "left": "0",
                                            "isLinked": true
                                        },
                                        "ekit_blog_posts_meta_alignment_mobile": "center",
                                        "ekit_blog_posts_title_alignment_mobile": "center"
                                    },
                                    "elements": [],
                                    "isInner": false,
                                    "widgetType": "elementskit-blog-posts",
                                    "elType": "widget"
                                }
                            ],
                            "isInner": true,
                            "elType": "container"
                        }
                    ],
                    "isInner": true,
                    "elType": "container"
                }
            ],
            "isInner": false,
            "elType": "container"
        }
    ],
    "page_settings": {
        "hide_title": "yes",
        "template": "elementor_header_footer"
    }
}