{"elementor_pro_theme_builder_conditions":{"archive":{"8131":["include\/archive\/search"],"6636":["include\/archive","exclude\/archive\/search","exclude\/archive\/category\/7","exclude\/archive\/post_tag\/9","exclude\/archive\/post_tag\/10","exclude\/archive\/post_tag\/11","exclude\/archive\/post_tag\/12"],"3389":["include\/archive\/category\/7","include\/archive\/post_tag\/9","include\/archive\/post_tag\/10","include\/archive\/post_tag\/11","include\/archive\/post_tag\/12"]},"single":{"8123":["include\/singular\/not_found404"],"7713":["include\/singular\/page\/7128","include\/singular\/page\/7125","include\/singular\/page\/7122"],"7703":["include\/singular\/page\/6840","include\/singular\/page\/7116","include\/singular\/page\/7119"],"7252":["include\/singular\/page\/7291","include\/singular\/page\/7113","include\/singular\/page\/7110"],"5043":["include\/singular\/child_of\/84"],"3469":["include\/singular\/in_category\/7"],"3468":["include\/singular\/in_category\/14","include\/singular\/in_category_children\/14"],"3064":["include\/singular\/page","exclude\/singular\/page\/21","exclude\/singular\/page\/19","exclude\/singular\/page\/88","exclude\/singular\/page\/8969"]},"popup":{"2720":["include\/general","exclude\/singular\/page\/19"],"1012":["include\/singular\/page\/19"],"464":["include\/singular\/page\/19"]},"footer":{"1452":["include\/singular\/page\/19"],"1332":["include\/general","exclude\/singular\/page\/19"]},"header":{"1350":["include\/general","exclude\/singular\/page\/19"],"151":["include\/singular\/page\/19"]}},"elementor_allow_svg":false,"elementor_cpt_support":["post","page"],"elementor_active_kit":"7","elementor_scheme_color":{"1":"#6ec1e4","2":"#54595f","3":"#7a7a7a","4":"#61ce70"},"elementor_scheme_color-picker":{"1":"#6ec1e4","2":"#54595f","3":"#7a7a7a","4":"#61ce70","5":"#4054b2","6":"#23a455","7":"#000","8":"#fff"},"elementor_scheme_typography":{"1":{"font_family":"Roboto","font_weight":"600"},"2":{"font_family":"Roboto Slab","font_weight":"400"},"3":{"font_family":"Roboto","font_weight":"400"},"4":{"font_family":"Roboto","font_weight":"500"}},"elementor_viewport_lg":false,"elementor_viewport_md":false,"elementor_disable_color_schemes":"","elementor_disable_typography_schemes":""}