{"elementor_pro_theme_builder_conditions":{"elementor_head":{"9654":["include\/general"]},"single":{"8716":["include\/singular\/not_found404"],"8502":["include\/singular\/in_category\/25","include\/singular\/in_category_children\/25"],"7588":["include\/singular\/child_of\/1312"],"7271":["include\/singular\/any_child_of\/542"],"6593":["include\/singular\/post","exclude\/singular\/in_category\/25","exclude\/singular\/in_category\/50"],"6147":["include\/singular\/any_child_of\/1295"],"5510":["include\/singular\/page\/1928","include\/singular\/page\/1646","include\/singular\/page\/1648"],"3780":["include\/singular\/page","exclude\/singular\/front_page","exclude\/singular\/page\/2055","exclude\/singular\/any_child_of\/542","exclude\/singular\/page\/8896"],"2896":["include\/singular\/child_of\/465"]},"archive":{"8711":["include\/archive\/search"],"8559":["include\/archive","exclude\/archive\/search","exclude\/archive\/any_child_of_category\/22","exclude\/archive\/post_tag\/46","exclude\/archive\/post_tag\/47"],"6126":["include\/archive\/any_child_of_category\/22","include\/archive\/post_tag\/46","include\/archive\/post_tag\/47"]},"footer":{"3682":["include\/singular\/page\/2055"],"1273":["include\/general","exclude\/singular\/page\/2055"]},"popup":{"2763":["include\/singular\/page\/2055"],"2702":["include\/singular\/page\/2055"],"1607":["include\/general","exclude\/singular\/page\/2055"],"1450":["include\/general","exclude\/singular\/page\/2055"]},"header":{"2062":["include\/singular\/page\/2055"],"171":["include\/general","exclude\/singular\/page\/2055"]}},"elementor_allow_svg":false,"elementor_cpt_support":["post","page"],"elementor_active_kit":"5","elementor_scheme_color":{"1":"#6ec1e4","2":"#54595f","3":"#7a7a7a","4":"#61ce70"},"elementor_scheme_color-picker":{"1":"#6ec1e4","2":"#54595f","3":"#7a7a7a","4":"#61ce70","5":"#4054b2","6":"#23a455","7":"#000","8":"#fff"},"elementor_scheme_typography":{"1":{"font_family":"Roboto","font_weight":"600"},"2":{"font_family":"Roboto Slab","font_weight":"400"},"3":{"font_family":"Roboto","font_weight":"400"},"4":{"font_family":"Roboto","font_weight":"500"}},"elementor_viewport_lg":false,"elementor_viewport_md":false,"elementor_disable_color_schemes":"","elementor_disable_typography_schemes":""}