<!-- 
cmsmasters_package: The Newspaper
cmsmasters_version: 1.0.0
-->
<wpml-config>
    <admin-texts>
        <key name="cmsmasters_options_the-newspaper_header">
            <key name="the-newspaper_header_top_line_short_info" />
            <key name="the-newspaper_header_top_line_donations_but_text" />
            <key name="the-newspaper_header_donations_but_text" />
            <key name="the-newspaper_header_add_cont_cust_html" />
        </key>
		<key name="cmsmasters_options_the-newspaper_footer">
            <key name="the-newspaper_footer_html" />
            <key name="the-newspaper_footer_copyright" />
        </key>
		<key name="cmsmasters_options_the-newspaper_single_project">
            <key name="the-newspaper_portfolio_project_details_title" />
        </key>
		<key name="cmsmasters_options_the-newspaper_single_profile">
            <key name="the-newspaper_profile_post_details_title" />
        </key>
    </admin-texts>
</wpml-config>


